"HITId","HITTypeId","Title","Description","Keywords","Reward","CreationTime","MaxAssignments","RequesterAnnotation","AssignmentDurationInSeconds","AutoApprovalDelayInSeconds","Expiration","NumberOfSimilarHITs","LifetimeInSeconds","AssignmentId","WorkerId","AssignmentStatus","AcceptTime","SubmitTime","AutoApprovalTime","ApprovalTime","RejectionTime","RequesterFeedback","WorkTimeInSeconds","LifetimeApprovalRate","Last30DaysApprovalRate","Last7DaysApprovalRate","Answer.surveycode","Approve","Reject"
"3V7ICJJAZBQIB3QH93LS74LV6SF4BS","3WZIO7X3RNSNGMIIHSSITKQFHPZAXQ","Estimating game","Guess the number of dots and other estimation tasks","survey","$0.50","Tue Feb 05 11:29:57 PST 2019","150","BatchId:3522925;OriginalHitTemplateId:920937340;","1800","259200","Tue Feb 12 11:29:57 PST 2019","","","3018Q3ZVOK0MGJLG43MB867M68KARZ","A3QSJY1FFN0N6V","Approved","Tue Feb 05 11:30:14 PST 2019","Tue Feb 05 11:35:07 PST 2019","Fri Feb 08 11:35:07 PST 2019","Tue Feb 05 12:34:11 PST 2019","","","293","100% (1/1)","100% (1/1)","100% (1/1)","5270853"
"3V7ICJJAZBQIB3QH93LS74LV6SF4BS","3WZIO7X3RNSNGMIIHSSITKQFHPZAXQ","Estimating game","Guess the number of dots and other estimation tasks","survey","$0.50","Tue Feb 05 11:29:57 PST 2019","150","BatchId:3522925;OriginalHitTemplateId:920937340;","1800","259200","Tue Feb 12 11:29:57 PST 2019","","","30H4UDGLT4S267EQOE8RC227Z7LPM6","A3MHKFOJIXO7QN","Approved","Tue Feb 05 11:30:16 PST 2019","Tue Feb 05 11:42:01 PST 2019","Fri Feb 08 11:42:01 PST 2019","Tue Feb 05 12:34:12 PST 2019","","","705","100% (1/1)","100% (1/1)","100% (1/1)","1496181"
"3V7ICJJAZBQIB3QH93LS74LV6SF4BS","3WZIO7X3RNSNGMIIHSSITKQFHPZAXQ","Estimating game","Guess the number of dots and other estimation tasks","survey","$0.50","Tue Feb 05 11:29:57 PST 2019","150","BatchId:3522925;OriginalHitTemplateId:920937340;","1800","259200","Tue Feb 12 11:29:57 PST 2019","","","30JNVC0ORBU1E5EUXU73K2KLNH8HQG","A1FYWSPNO7KN1O","Approved","Tue Feb 05 11:30:13 PST 2019","Tue Feb 05 11:40:06 PST 2019","Fri Feb 08 11:40:06 PST 2019","Tue Feb 05 12:34:12 PST 2019","","","593","100% (1/1)","100% (1/1)","100% (1/1)","4267211"
"3V7ICJJAZBQIB3QH93LS74LV6SF4BS","3WZIO7X3RNSNGMIIHSSITKQFHPZAXQ","Estimating game","Guess the number of dots and other estimation tasks","survey","$0.50","Tue Feb 05 11:29:57 PST 2019","150","BatchId:3522925;OriginalHitTemplateId:920937340;","1800","259200","Tue Feb 12 11:29:57 PST 2019","","","31N2WW6R9T0PT8HM4T7749FXXAHF3D","A7UNIWDAQROJG","Approved","Tue Feb 05 11:30:14 PST 2019","Tue Feb 05 11:39:01 PST 2019","Fri Feb 08 11:39:01 PST 2019","Tue Feb 05 12:34:12 PST 2019","","","527","100% (1/1)","100% (1/1)","100% (1/1)","9276442"
"3V7ICJJAZBQIB3QH93LS74LV6SF4BS","3WZIO7X3RNSNGMIIHSSITKQFHPZAXQ","Estimating game","Guess the number of dots and other estimation tasks","survey","$0.50","Tue Feb 05 11:29:57 PST 2019","150","BatchId:3522925;OriginalHitTemplateId:920937340;","1800","259200","Tue Feb 12 11:29:57 PST 2019","","","31QTRG6Q2VN20O347HW26XPE8HZPYW","A2XC9IWFQ3FWUR","Approved","Tue Feb 05 11:30:25 PST 2019","Tue Feb 05 11:34:38 PST 2019","Fri Feb 08 11:34:38 PST 2019","Tue Feb 05 12:34:12 PST 2019","","","253","100% (1/1)","100% (1/1)","100% (1/1)","4284723"
"3V7ICJJAZBQIB3QH93LS74LV6SF4BS","3WZIO7X3RNSNGMIIHSSITKQFHPZAXQ","Estimating game","Guess the number of dots and other estimation tasks","survey","$0.50","Tue Feb 05 11:29:57 PST 2019","150","BatchId:3522925;OriginalHitTemplateId:920937340;","1800","259200","Tue Feb 12 11:29:57 PST 2019","","","323Q6SJS8KQ4NGOLJEW983G7GFZFHK","A3UV55HC87DO9C","Approved","Tue Feb 05 11:30:23 PST 2019","Tue Feb 05 11:35:04 PST 2019","Fri Feb 08 11:35:04 PST 2019","Tue Feb 05 12:34:12 PST 2019","","","281","100% (1/1)","100% (1/1)","100% (1/1)","2197780"
"3V7ICJJAZBQIB3QH93LS74LV6SF4BS","3WZIO7X3RNSNGMIIHSSITKQFHPZAXQ","Estimating game","Guess the number of dots and other estimation tasks","survey","$0.50","Tue Feb 05 11:29:57 PST 2019","150","BatchId:3522925;OriginalHitTemplateId:920937340;","1800","259200","Tue Feb 12 11:29:57 PST 2019","","","32N49TQG3ISE9Q2XDNRL93WPREXAVS","A19LKLAPLXL9B1","Approved","Tue Feb 05 11:54:45 PST 2019","Tue Feb 05 12:05:30 PST 2019","Fri Feb 08 12:05:30 PST 2019","Tue Feb 05 12:34:12 PST 2019","","","645","100% (1/1)","100% (1/1)","100% (1/1)","7433739"
"3V7ICJJAZBQIB3QH93LS74LV6SF4BS","3WZIO7X3RNSNGMIIHSSITKQFHPZAXQ","Estimating game","Guess the number of dots and other estimation tasks","survey","$0.50","Tue Feb 05 11:29:57 PST 2019","150","BatchId:3522925;OriginalHitTemplateId:920937340;","1800","259200","Tue Feb 12 11:29:57 PST 2019","","","32SVAV9L3HJUXH0ETDLFQ8460U43AO","A39GADIK8RLMVC","Approved","Tue Feb 05 11:30:10 PST 2019","Tue Feb 05 11:34:05 PST 2019","Fri Feb 08 11:34:05 PST 2019","Tue Feb 05 12:34:12 PST 2019","","","235","100% (1/1)","100% (1/1)","100% (1/1)","977587"
"3V7ICJJAZBQIB3QH93LS74LV6SF4BS","3WZIO7X3RNSNGMIIHSSITKQFHPZAXQ","Estimating game","Guess the number of dots and other estimation tasks","survey","$0.50","Tue Feb 05 11:29:57 PST 2019","150","BatchId:3522925;OriginalHitTemplateId:920937340;","1800","259200","Tue Feb 12 11:29:57 PST 2019","","","32Z9ZLUT1NUYTT1EIHFZVXPL8GQHO8","A12J4IRF5Z06BT","Approved","Tue Feb 05 11:30:14 PST 2019","Tue Feb 05 11:40:28 PST 2019","Fri Feb 08 11:40:28 PST 2019","Tue Feb 05 12:34:12 PST 2019","","","614","100% (1/1)","100% (1/1)","100% (1/1)","2035655"
"3V7ICJJAZBQIB3QH93LS74LV6SF4BS","3WZIO7X3RNSNGMIIHSSITKQFHPZAXQ","Estimating game","Guess the number of dots and other estimation tasks","survey","$0.50","Tue Feb 05 11:29:57 PST 2019","150","BatchId:3522925;OriginalHitTemplateId:920937340;","1800","259200","Tue Feb 12 11:29:57 PST 2019","","","32ZKVD547HXZGR56ZRLBLJOCICPB3R","A1KXESMB9K7504","Approved","Tue Feb 05 11:30:20 PST 2019","Tue Feb 05 11:35:11 PST 2019","Fri Feb 08 11:35:11 PST 2019","Tue Feb 05 12:34:13 PST 2019","","","291","100% (1/1)","100% (1/1)","100% (1/1)","3924275"
"3V7ICJJAZBQIB3QH93LS74LV6SF4BS","3WZIO7X3RNSNGMIIHSSITKQFHPZAXQ","Estimating game","Guess the number of dots and other estimation tasks","survey","$0.50","Tue Feb 05 11:29:57 PST 2019","150","BatchId:3522925;OriginalHitTemplateId:920937340;","1800","259200","Tue Feb 12 11:29:57 PST 2019","","","3300DTYQT4RPUVNS7TZXZZN8V1GEQX","ACGZDI611LU0I","Approved","Tue Feb 05 11:30:06 PST 2019","Tue Feb 05 11:38:59 PST 2019","Fri Feb 08 11:38:59 PST 2019","Tue Feb 05 12:34:13 PST 2019","","","533","100% (1/1)","100% (1/1)","100% (1/1)","8720053"
"3V7ICJJAZBQIB3QH93LS74LV6SF4BS","3WZIO7X3RNSNGMIIHSSITKQFHPZAXQ","Estimating game","Guess the number of dots and other estimation tasks","survey","$0.50","Tue Feb 05 11:29:57 PST 2019","150","BatchId:3522925;OriginalHitTemplateId:920937340;","1800","259200","Tue Feb 12 11:29:57 PST 2019","","","336YQZE83XOYDXW74ZZDEWXQ87K5M0","A27MJOV91GA8R3","Approved","Tue Feb 05 11:30:06 PST 2019","Tue Feb 05 11:46:31 PST 2019","Fri Feb 08 11:46:31 PST 2019","Tue Feb 05 12:34:13 PST 2019","","","985","100% (1/1)","100% (1/1)","100% (1/1)","8588127"
"3V7ICJJAZBQIB3QH93LS74LV6SF4BS","3WZIO7X3RNSNGMIIHSSITKQFHPZAXQ","Estimating game","Guess the number of dots and other estimation tasks","survey","$0.50","Tue Feb 05 11:29:57 PST 2019","150","BatchId:3522925;OriginalHitTemplateId:920937340;","1800","259200","Tue Feb 12 11:29:57 PST 2019","","","33NF62TLXLCBU8BP8PQR0TOR13KKJW","A2VQ1WGHLLLNJ1","Approved","Tue Feb 05 11:30:17 PST 2019","Tue Feb 05 11:38:14 PST 2019","Fri Feb 08 11:38:14 PST 2019","Tue Feb 05 12:34:13 PST 2019","","","477","100% (1/1)","100% (1/1)","100% (1/1)","7368067"
"3V7ICJJAZBQIB3QH93LS74LV6SF4BS","3WZIO7X3RNSNGMIIHSSITKQFHPZAXQ","Estimating game","Guess the number of dots and other estimation tasks","survey","$0.50","Tue Feb 05 11:29:57 PST 2019","150","BatchId:3522925;OriginalHitTemplateId:920937340;","1800","259200","Tue Feb 12 11:29:57 PST 2019","","","33OOO72IVJVNPDV6S6NXEGYSUW2CTG","A30UE6DWFNUCWX","Approved","Tue Feb 05 11:30:07 PST 2019","Tue Feb 05 11:34:36 PST 2019","Fri Feb 08 11:34:36 PST 2019","Tue Feb 05 12:34:13 PST 2019","","","269","100% (1/1)","100% (1/1)","100% (1/1)","7989730"
"3V7ICJJAZBQIB3QH93LS74LV6SF4BS","3WZIO7X3RNSNGMIIHSSITKQFHPZAXQ","Estimating game","Guess the number of dots and other estimation tasks","survey","$0.50","Tue Feb 05 11:29:57 PST 2019","150","BatchId:3522925;OriginalHitTemplateId:920937340;","1800","259200","Tue Feb 12 11:29:57 PST 2019","","","3483FV8BEGT4PXSSZ0QYRTXSYXE62Q","AAASQIW3J32OL","Approved","Tue Feb 05 11:30:21 PST 2019","Tue Feb 05 11:49:53 PST 2019","Fri Feb 08 11:49:53 PST 2019","Tue Feb 05 12:34:13 PST 2019","","","1172","100% (1/1)","100% (1/1)","100% (1/1)","779074"
"3V7ICJJAZBQIB3QH93LS74LV6SF4BS","3WZIO7X3RNSNGMIIHSSITKQFHPZAXQ","Estimating game","Guess the number of dots and other estimation tasks","survey","$0.50","Tue Feb 05 11:29:57 PST 2019","150","BatchId:3522925;OriginalHitTemplateId:920937340;","1800","259200","Tue Feb 12 11:29:57 PST 2019","","","34FNN24DCOJY7ELLN2NO8RKXHHY5YQ","ABL3H3O3BI8ZD","Approved","Tue Feb 05 11:30:15 PST 2019","Tue Feb 05 11:57:24 PST 2019","Fri Feb 08 11:57:24 PST 2019","Tue Feb 05 12:34:13 PST 2019","","","1629","100% (1/1)","100% (1/1)","100% (1/1)","5087440"
"3V7ICJJAZBQIB3QH93LS74LV6SF4BS","3WZIO7X3RNSNGMIIHSSITKQFHPZAXQ","Estimating game","Guess the number of dots and other estimation tasks","survey","$0.50","Tue Feb 05 11:29:57 PST 2019","150","BatchId:3522925;OriginalHitTemplateId:920937340;","1800","259200","Tue Feb 12 11:29:57 PST 2019","","","34S6N1K2ZXTQN8YH5PZ73GLRDBLHLR","A5OBJUPZLVOKG","Approved","Tue Feb 05 12:00:34 PST 2019","Tue Feb 05 12:12:16 PST 2019","Fri Feb 08 12:12:16 PST 2019","Tue Feb 05 12:34:13 PST 2019","","","702","100% (1/1)","100% (1/1)","100% (1/1)","7847127"
"3V7ICJJAZBQIB3QH93LS74LV6SF4BS","3WZIO7X3RNSNGMIIHSSITKQFHPZAXQ","Estimating game","Guess the number of dots and other estimation tasks","survey","$0.50","Tue Feb 05 11:29:57 PST 2019","150","BatchId:3522925;OriginalHitTemplateId:920937340;","1800","259200","Tue Feb 12 11:29:57 PST 2019","","","35K3O9HUADNS36XJTDO3N0JUOZ7FE4","A7SXWHGK8B40R","Approved","Tue Feb 05 11:30:20 PST 2019","Tue Feb 05 11:33:54 PST 2019","Fri Feb 08 11:33:54 PST 2019","Tue Feb 05 12:34:13 PST 2019","","","214","100% (1/1)","100% (1/1)","100% (1/1)","9424873"
"3V7ICJJAZBQIB3QH93LS74LV6SF4BS","3WZIO7X3RNSNGMIIHSSITKQFHPZAXQ","Estimating game","Guess the number of dots and other estimation tasks","survey","$0.50","Tue Feb 05 11:29:57 PST 2019","150","BatchId:3522925;OriginalHitTemplateId:920937340;","1800","259200","Tue Feb 12 11:29:57 PST 2019","","","35L9RVQFCQST6YLBE3R8U3HAQ2EHUL","A1Z8AOIDT5IV43","Approved","Tue Feb 05 11:30:15 PST 2019","Tue Feb 05 11:42:50 PST 2019","Fri Feb 08 11:42:50 PST 2019","Tue Feb 05 12:34:14 PST 2019","","","755","100% (1/1)","100% (1/1)","100% (1/1)","8978875"
"3V7ICJJAZBQIB3QH93LS74LV6SF4BS","3WZIO7X3RNSNGMIIHSSITKQFHPZAXQ","Estimating game","Guess the number of dots and other estimation tasks","survey","$0.50","Tue Feb 05 11:29:57 PST 2019","150","BatchId:3522925;OriginalHitTemplateId:920937340;","1800","259200","Tue Feb 12 11:29:57 PST 2019","","","35LDD5557CE1VGHABM3JGLG85XFKM0","A2UTDZAZV1DF0N","Approved","Tue Feb 05 11:30:19 PST 2019","Tue Feb 05 11:57:06 PST 2019","Fri Feb 08 11:57:06 PST 2019","Tue Feb 05 12:34:14 PST 2019","","","1607","100% (1/1)","100% (1/1)","100% (1/1)","5976835"
"3V7ICJJAZBQIB3QH93LS74LV6SF4BS","3WZIO7X3RNSNGMIIHSSITKQFHPZAXQ","Estimating game","Guess the number of dots and other estimation tasks","survey","$0.50","Tue Feb 05 11:29:57 PST 2019","150","BatchId:3522925;OriginalHitTemplateId:920937340;","1800","259200","Tue Feb 12 11:29:57 PST 2019","","","35USIKEBNTQ0EJHLLJOIJH0Q9S5N6Y","A3SGZ8OQXW5TQD","Approved","Tue Feb 05 11:30:24 PST 2019","Tue Feb 05 11:39:18 PST 2019","Fri Feb 08 11:39:18 PST 2019","Tue Feb 05 12:34:14 PST 2019","","","534","100% (1/1)","100% (1/1)","100% (1/1)","3909770"
"3V7ICJJAZBQIB3QH93LS74LV6SF4BS","3WZIO7X3RNSNGMIIHSSITKQFHPZAXQ","Estimating game","Guess the number of dots and other estimation tasks","survey","$0.50","Tue Feb 05 11:29:57 PST 2019","150","BatchId:3522925;OriginalHitTemplateId:920937340;","1800","259200","Tue Feb 12 11:29:57 PST 2019","","","3634BBTX0Q44JBZ5PWEU8FHMGSEFID","ACHQIF760VSES","Approved","Tue Feb 05 11:30:23 PST 2019","Tue Feb 05 11:37:32 PST 2019","Fri Feb 08 11:37:32 PST 2019","Tue Feb 05 12:34:14 PST 2019","","","429","100% (1/1)","100% (1/1)","100% (1/1)","8839472"
"3V7ICJJAZBQIB3QH93LS74LV6SF4BS","3WZIO7X3RNSNGMIIHSSITKQFHPZAXQ","Estimating game","Guess the number of dots and other estimation tasks","survey","$0.50","Tue Feb 05 11:29:57 PST 2019","150","BatchId:3522925;OriginalHitTemplateId:920937340;","1800","259200","Tue Feb 12 11:29:57 PST 2019","","","36H9ULYP6440EMJB7EZUKGWMT73FJP","AC8AP945KVJW5","Approved","Tue Feb 05 11:30:35 PST 2019","Tue Feb 05 11:51:49 PST 2019","Fri Feb 08 11:51:49 PST 2019","Tue Feb 05 12:34:14 PST 2019","","","1274","100% (1/1)","100% (1/1)","100% (1/1)","5534640"
"3V7ICJJAZBQIB3QH93LS74LV6SF4BS","3WZIO7X3RNSNGMIIHSSITKQFHPZAXQ","Estimating game","Guess the number of dots and other estimation tasks","survey","$0.50","Tue Feb 05 11:29:57 PST 2019","150","BatchId:3522925;OriginalHitTemplateId:920937340;","1800","259200","Tue Feb 12 11:29:57 PST 2019","","","36NEMU28XHNSQGBR00MM4WA3S4OMWY","ACN0C9HPYDTED","Approved","Tue Feb 05 11:30:12 PST 2019","Tue Feb 05 11:41:37 PST 2019","Fri Feb 08 11:41:37 PST 2019","Tue Feb 05 12:34:14 PST 2019","","","685","100% (1/1)","100% (1/1)","100% (1/1)","5898987"
"3V7ICJJAZBQIB3QH93LS74LV6SF4BS","3WZIO7X3RNSNGMIIHSSITKQFHPZAXQ","Estimating game","Guess the number of dots and other estimation tasks","survey","$0.50","Tue Feb 05 11:29:57 PST 2019","150","BatchId:3522925;OriginalHitTemplateId:920937340;","1800","259200","Tue Feb 12 11:29:57 PST 2019","","","36W0OB37HYOASXFLKQQGBVWPSKTHZA","A2O5OJXCUFQ3FV","Approved","Tue Feb 05 11:30:21 PST 2019","Tue Feb 05 11:41:52 PST 2019","Fri Feb 08 11:41:52 PST 2019","Tue Feb 05 12:34:14 PST 2019","","","691","100% (1/1)","100% (1/1)","100% (1/1)","1712240"
"3V7ICJJAZBQIB3QH93LS74LV6SF4BS","3WZIO7X3RNSNGMIIHSSITKQFHPZAXQ","Estimating game","Guess the number of dots and other estimation tasks","survey","$0.50","Tue Feb 05 11:29:57 PST 2019","150","BatchId:3522925;OriginalHitTemplateId:920937340;","1800","259200","Tue Feb 12 11:29:57 PST 2019","","","36ZN444YTT8YPOCYOZXKV9Q08T8OIB","A2DVV59R1CQU6T","Approved","Tue Feb 05 11:59:53 PST 2019","Tue Feb 05 12:05:37 PST 2019","Fri Feb 08 12:05:37 PST 2019","Tue Feb 05 12:34:14 PST 2019","","","344","100% (1/1)","100% (1/1)","100% (1/1)","5621780"
"3V7ICJJAZBQIB3QH93LS74LV6SF4BS","3WZIO7X3RNSNGMIIHSSITKQFHPZAXQ","Estimating game","Guess the number of dots and other estimation tasks","survey","$0.50","Tue Feb 05 11:29:57 PST 2019","150","BatchId:3522925;OriginalHitTemplateId:920937340;","1800","259200","Tue Feb 12 11:29:57 PST 2019","","","378XPAWRUEN9NKIXEGS2UE6VJC1AIV","A3SD02HCW68EUL","Approved","Tue Feb 05 11:30:09 PST 2019","Tue Feb 05 11:52:42 PST 2019","Fri Feb 08 11:52:42 PST 2019","Tue Feb 05 12:34:14 PST 2019","","","1353","100% (1/1)","100% (1/1)","100% (1/1)","3423165"
"3V7ICJJAZBQIB3QH93LS74LV6SF4BS","3WZIO7X3RNSNGMIIHSSITKQFHPZAXQ","Estimating game","Guess the number of dots and other estimation tasks","survey","$0.50","Tue Feb 05 11:29:57 PST 2019","150","BatchId:3522925;OriginalHitTemplateId:920937340;","1800","259200","Tue Feb 12 11:29:57 PST 2019","","","37C0GNLMHHDRS7Q8WPAFNCOWVO3D66","A1HMO9XPRPUPWJ","Approved","Tue Feb 05 11:30:24 PST 2019","Tue Feb 05 11:34:30 PST 2019","Fri Feb 08 11:34:30 PST 2019","Tue Feb 05 12:34:15 PST 2019","","","246","100% (1/1)","100% (1/1)","100% (1/1)","3253716"
"3V7ICJJAZBQIB3QH93LS74LV6SF4BS","3WZIO7X3RNSNGMIIHSSITKQFHPZAXQ","Estimating game","Guess the number of dots and other estimation tasks","survey","$0.50","Tue Feb 05 11:29:57 PST 2019","150","BatchId:3522925;OriginalHitTemplateId:920937340;","1800","259200","Tue Feb 12 11:29:57 PST 2019","","","37M28K1J0SN5IV23WYD26FLVWRQAJ7","AAQREZOK13OV7","Approved","Tue Feb 05 11:30:09 PST 2019","Tue Feb 05 11:31:57 PST 2019","Fri Feb 08 11:31:57 PST 2019","Tue Feb 05 12:34:15 PST 2019","","","108","100% (1/1)","100% (1/1)","100% (1/1)","6830612"
"3V7ICJJAZBQIB3QH93LS74LV6SF4BS","3WZIO7X3RNSNGMIIHSSITKQFHPZAXQ","Estimating game","Guess the number of dots and other estimation tasks","survey","$0.50","Tue Feb 05 11:29:57 PST 2019","150","BatchId:3522925;OriginalHitTemplateId:920937340;","1800","259200","Tue Feb 12 11:29:57 PST 2019","","","37TD41K0AJJMADIR36I74B26SDOCSR","A3C0NQ2IP5FTZQ","Approved","Tue Feb 05 11:30:06 PST 2019","Tue Feb 05 11:32:55 PST 2019","Fri Feb 08 11:32:55 PST 2019","Tue Feb 05 12:34:15 PST 2019","","","169","100% (1/1)","100% (1/1)","100% (1/1)","1425152"
"3V7ICJJAZBQIB3QH93LS74LV6SF4BS","3WZIO7X3RNSNGMIIHSSITKQFHPZAXQ","Estimating game","Guess the number of dots and other estimation tasks","survey","$0.50","Tue Feb 05 11:29:57 PST 2019","150","BatchId:3522925;OriginalHitTemplateId:920937340;","1800","259200","Tue Feb 12 11:29:57 PST 2019","","","37U1UTWH9XW8XVS1752XCF1RGKK8RT","A1QVNF19XSRSD7","Approved","Tue Feb 05 11:30:14 PST 2019","Tue Feb 05 11:35:05 PST 2019","Fri Feb 08 11:35:05 PST 2019","Tue Feb 05 12:34:15 PST 2019","","","291","100% (1/1)","100% (1/1)","100% (1/1)","6159487"
"3V7ICJJAZBQIB3QH93LS74LV6SF4BS","3WZIO7X3RNSNGMIIHSSITKQFHPZAXQ","Estimating game","Guess the number of dots and other estimation tasks","survey","$0.50","Tue Feb 05 11:29:57 PST 2019","150","BatchId:3522925;OriginalHitTemplateId:920937340;","1800","259200","Tue Feb 12 11:29:57 PST 2019","","","37WLF8U1WR0Z6DWIO6W2RPJMFX0K6Q","A1YSYI926BBOHW","Approved","Tue Feb 05 11:30:12 PST 2019","Tue Feb 05 11:41:48 PST 2019","Fri Feb 08 11:41:48 PST 2019","Tue Feb 05 12:34:15 PST 2019","","","696","100% (1/1)","100% (1/1)","100% (1/1)","6188841"
"3V7ICJJAZBQIB3QH93LS74LV6SF4BS","3WZIO7X3RNSNGMIIHSSITKQFHPZAXQ","Estimating game","Guess the number of dots and other estimation tasks","survey","$0.50","Tue Feb 05 11:29:57 PST 2019","150","BatchId:3522925;OriginalHitTemplateId:920937340;","1800","259200","Tue Feb 12 11:29:57 PST 2019","","","37XITHEISYJA9YIEOHI2E1XA6B5CR3","A1ZD8RU6YB0VEU","Approved","Tue Feb 05 11:30:06 PST 2019","Tue Feb 05 11:42:32 PST 2019","Fri Feb 08 11:42:32 PST 2019","Tue Feb 05 12:34:15 PST 2019","","","746","100% (1/1)","100% (1/1)","100% (1/1)","9023765"
"3V7ICJJAZBQIB3QH93LS74LV6SF4BS","3WZIO7X3RNSNGMIIHSSITKQFHPZAXQ","Estimating game","Guess the number of dots and other estimation tasks","survey","$0.50","Tue Feb 05 11:29:57 PST 2019","150","BatchId:3522925;OriginalHitTemplateId:920937340;","1800","259200","Tue Feb 12 11:29:57 PST 2019","","","37ZHEEHM6YWCEF2GMA9VGH2GZMY37X","A326O3VWP8TO8N","Approved","Tue Feb 05 11:30:09 PST 2019","Tue Feb 05 11:31:34 PST 2019","Fri Feb 08 11:31:34 PST 2019","Tue Feb 05 12:34:15 PST 2019","","","85","100% (1/1)","100% (1/1)","100% (1/1)","466425"
"3V7ICJJAZBQIB3QH93LS74LV6SF4BS","3WZIO7X3RNSNGMIIHSSITKQFHPZAXQ","Estimating game","Guess the number of dots and other estimation tasks","survey","$0.50","Tue Feb 05 11:29:57 PST 2019","150","BatchId:3522925;OriginalHitTemplateId:920937340;","1800","259200","Tue Feb 12 11:29:57 PST 2019","","","39ASUFLU6ZH93SO4T7UPT7J1S43EXU","A2OEDX14YO8EFJ","Approved","Tue Feb 05 11:30:11 PST 2019","Tue Feb 05 11:37:44 PST 2019","Fri Feb 08 11:37:44 PST 2019","Tue Feb 05 12:34:15 PST 2019","","","453","100% (1/1)","100% (1/1)","100% (1/1)","6695438"
"3V7ICJJAZBQIB3QH93LS74LV6SF4BS","3WZIO7X3RNSNGMIIHSSITKQFHPZAXQ","Estimating game","Guess the number of dots and other estimation tasks","survey","$0.50","Tue Feb 05 11:29:57 PST 2019","150","BatchId:3522925;OriginalHitTemplateId:920937340;","1800","259200","Tue Feb 12 11:29:57 PST 2019","","","39DD6S19JRLY8NOJUPIAQSZC041EZR","AMTTB8JUWRRM7","Approved","Tue Feb 05 12:01:05 PST 2019","Tue Feb 05 12:17:07 PST 2019","Fri Feb 08 12:17:07 PST 2019","Tue Feb 05 12:34:15 PST 2019","","","962","100% (1/1)","100% (1/1)","100% (1/1)","2187102"
"3V7ICJJAZBQIB3QH93LS74LV6SF4BS","3WZIO7X3RNSNGMIIHSSITKQFHPZAXQ","Estimating game","Guess the number of dots and other estimation tasks","survey","$0.50","Tue Feb 05 11:29:57 PST 2019","150","BatchId:3522925;OriginalHitTemplateId:920937340;","1800","259200","Tue Feb 12 11:29:57 PST 2019","","","39JEC7537WB225ZVX1NCFYMDRHICVW","A2T11H7YI7QPGD","Approved","Tue Feb 05 11:30:11 PST 2019","Tue Feb 05 11:31:12 PST 2019","Fri Feb 08 11:31:12 PST 2019","Tue Feb 05 12:34:15 PST 2019","","","61","100% (1/1)","100% (1/1)","100% (1/1)","8901113"
"3V7ICJJAZBQIB3QH93LS74LV6SF4BS","3WZIO7X3RNSNGMIIHSSITKQFHPZAXQ","Estimating game","Guess the number of dots and other estimation tasks","survey","$0.50","Tue Feb 05 11:29:57 PST 2019","150","BatchId:3522925;OriginalHitTemplateId:920937340;","1800","259200","Tue Feb 12 11:29:57 PST 2019","","","39K0FND3AJPVJ38OZVQUM7DC0LLAMB","A3QNCW3LR2AVOV","Approved","Tue Feb 05 11:57:19 PST 2019","Tue Feb 05 12:09:33 PST 2019","Fri Feb 08 12:09:33 PST 2019","Tue Feb 05 12:34:16 PST 2019","","","734","100% (1/1)","100% (1/1)","100% (1/1)","7399275"
"3V7ICJJAZBQIB3QH93LS74LV6SF4BS","3WZIO7X3RNSNGMIIHSSITKQFHPZAXQ","Estimating game","Guess the number of dots and other estimation tasks","survey","$0.50","Tue Feb 05 11:29:57 PST 2019","150","BatchId:3522925;OriginalHitTemplateId:920937340;","1800","259200","Tue Feb 12 11:29:57 PST 2019","","","39LOEL67OUFGET7ZWF11UHYBA6438K","A2CK0OXMPOR9LE","Approved","Tue Feb 05 11:30:10 PST 2019","Tue Feb 05 11:34:40 PST 2019","Fri Feb 08 11:34:40 PST 2019","Tue Feb 05 12:34:16 PST 2019","","","270","100% (1/1)","100% (1/1)","100% (1/1)","8801811"
"3V7ICJJAZBQIB3QH93LS74LV6SF4BS","3WZIO7X3RNSNGMIIHSSITKQFHPZAXQ","Estimating game","Guess the number of dots and other estimation tasks","survey","$0.50","Tue Feb 05 11:29:57 PST 2019","150","BatchId:3522925;OriginalHitTemplateId:920937340;","1800","259200","Tue Feb 12 11:29:57 PST 2019","","","39O5D9O87V2IQWXCDRH6W3UU0XP3CQ","A8VFIXE5FL8C6","Approved","Tue Feb 05 11:30:11 PST 2019","Tue Feb 05 11:33:19 PST 2019","Fri Feb 08 11:33:19 PST 2019","Tue Feb 05 12:34:16 PST 2019","","","188","100% (1/1)","100% (1/1)","100% (1/1)","4286581"
"3V7ICJJAZBQIB3QH93LS74LV6SF4BS","3WZIO7X3RNSNGMIIHSSITKQFHPZAXQ","Estimating game","Guess the number of dots and other estimation tasks","survey","$0.50","Tue Feb 05 11:29:57 PST 2019","150","BatchId:3522925;OriginalHitTemplateId:920937340;","1800","259200","Tue Feb 12 11:29:57 PST 2019","","","3AAPLD8UCERE6L6MEY1YP7V87O7HTU","A3TOUB8313BPVS","Approved","Tue Feb 05 11:30:14 PST 2019","Tue Feb 05 11:36:03 PST 2019","Fri Feb 08 11:36:03 PST 2019","Tue Feb 05 12:34:16 PST 2019","","","349","100% (1/1)","100% (1/1)","100% (1/1)","9594129"
"3V7ICJJAZBQIB3QH93LS74LV6SF4BS","3WZIO7X3RNSNGMIIHSSITKQFHPZAXQ","Estimating game","Guess the number of dots and other estimation tasks","survey","$0.50","Tue Feb 05 11:29:57 PST 2019","150","BatchId:3522925;OriginalHitTemplateId:920937340;","1800","259200","Tue Feb 12 11:29:57 PST 2019","","","3AMW0RGHOFC8OPZQ0FNRPHR74XVPN6","A1N2O9SRQSVL03","Approved","Tue Feb 05 11:30:17 PST 2019","Tue Feb 05 11:33:58 PST 2019","Fri Feb 08 11:33:58 PST 2019","Tue Feb 05 12:34:16 PST 2019","","","221","100% (1/1)","100% (1/1)","100% (1/1)","6281371"
"3V7ICJJAZBQIB3QH93LS74LV6SF4BS","3WZIO7X3RNSNGMIIHSSITKQFHPZAXQ","Estimating game","Guess the number of dots and other estimation tasks","survey","$0.50","Tue Feb 05 11:29:57 PST 2019","150","BatchId:3522925;OriginalHitTemplateId:920937340;","1800","259200","Tue Feb 12 11:29:57 PST 2019","","","3AQF3RZ55ASOQR44NV55BCRH71JF6J","A17TKHT8FEVH0R","Approved","Tue Feb 05 11:30:17 PST 2019","Tue Feb 05 11:47:59 PST 2019","Fri Feb 08 11:47:59 PST 2019","Tue Feb 05 12:34:16 PST 2019","","","1062","100% (1/1)","100% (1/1)","100% (1/1)","5407630"
"3V7ICJJAZBQIB3QH93LS74LV6SF4BS","3WZIO7X3RNSNGMIIHSSITKQFHPZAXQ","Estimating game","Guess the number of dots and other estimation tasks","survey","$0.50","Tue Feb 05 11:29:57 PST 2019","150","BatchId:3522925;OriginalHitTemplateId:920937340;","1800","259200","Tue Feb 12 11:29:57 PST 2019","","","3ATPCQ38JAKVDKX2IYE5G20J9VZAY1","AZ8JL3QNIPY4U","Approved","Tue Feb 05 11:30:19 PST 2019","Tue Feb 05 11:43:38 PST 2019","Fri Feb 08 11:43:38 PST 2019","Tue Feb 05 12:34:16 PST 2019","","","799","100% (1/1)","100% (1/1)","100% (1/1)","7112397"
"3V7ICJJAZBQIB3QH93LS74LV6SF4BS","3WZIO7X3RNSNGMIIHSSITKQFHPZAXQ","Estimating game","Guess the number of dots and other estimation tasks","survey","$0.50","Tue Feb 05 11:29:57 PST 2019","150","BatchId:3522925;OriginalHitTemplateId:920937340;","1800","259200","Tue Feb 12 11:29:57 PST 2019","","","3B2X28YI3YPYDASOITJ9SM0WS3RB6X","A16LKHL7D42ND1","Approved","Tue Feb 05 11:30:22 PST 2019","Tue Feb 05 11:38:26 PST 2019","Fri Feb 08 11:38:26 PST 2019","Tue Feb 05 12:34:16 PST 2019","","","484","100% (1/1)","100% (1/1)","100% (1/1)","6915235"
"3V7ICJJAZBQIB3QH93LS74LV6SF4BS","3WZIO7X3RNSNGMIIHSSITKQFHPZAXQ","Estimating game","Guess the number of dots and other estimation tasks","survey","$0.50","Tue Feb 05 11:29:57 PST 2019","150","BatchId:3522925;OriginalHitTemplateId:920937340;","1800","259200","Tue Feb 12 11:29:57 PST 2019","","","3BXQMRHWK18FYCMM507LM8P67ODMUZ","A1P6OXEJ86HQRM","Approved","Tue Feb 05 11:30:12 PST 2019","Tue Feb 05 11:32:19 PST 2019","Fri Feb 08 11:32:19 PST 2019","Tue Feb 05 12:34:16 PST 2019","","","127","100% (1/1)","100% (1/1)","100% (1/1)","4452010"
"3V7ICJJAZBQIB3QH93LS74LV6SF4BS","3WZIO7X3RNSNGMIIHSSITKQFHPZAXQ","Estimating game","Guess the number of dots and other estimation tasks","survey","$0.50","Tue Feb 05 11:29:57 PST 2019","150","BatchId:3522925;OriginalHitTemplateId:920937340;","1800","259200","Tue Feb 12 11:29:57 PST 2019","","","3C2NJ6JBKCRCWIYKYHCFT4JETN3N2H","A1ZN6V0PU8VVAH","Approved","Tue Feb 05 11:30:16 PST 2019","Tue Feb 05 11:42:43 PST 2019","Fri Feb 08 11:42:43 PST 2019","Tue Feb 05 12:34:17 PST 2019","","","747","100% (1/1)","100% (1/1)","100% (1/1)","5803383"
"3V7ICJJAZBQIB3QH93LS74LV6SF4BS","3WZIO7X3RNSNGMIIHSSITKQFHPZAXQ","Estimating game","Guess the number of dots and other estimation tasks","survey","$0.50","Tue Feb 05 11:29:57 PST 2019","150","BatchId:3522925;OriginalHitTemplateId:920937340;","1800","259200","Tue Feb 12 11:29:57 PST 2019","","","3C8HJ7UOP94WKBGWBN6T304L96SMZO","A0017268R9SKD8U2Y3F","Approved","Tue Feb 05 11:30:15 PST 2019","Tue Feb 05 11:40:15 PST 2019","Fri Feb 08 11:40:15 PST 2019","Tue Feb 05 12:34:17 PST 2019","","","600","100% (1/1)","100% (1/1)","100% (1/1)","645003"
"3V7ICJJAZBQIB3QH93LS74LV6SF4BS","3WZIO7X3RNSNGMIIHSSITKQFHPZAXQ","Estimating game","Guess the number of dots and other estimation tasks","survey","$0.50","Tue Feb 05 11:29:57 PST 2019","150","BatchId:3522925;OriginalHitTemplateId:920937340;","1800","259200","Tue Feb 12 11:29:57 PST 2019","","","3COPXFW7XDM7GJEN32VBXPA3A2QKPW","A1EBVJWBNNPUFU","Approved","Tue Feb 05 11:30:21 PST 2019","Tue Feb 05 11:41:10 PST 2019","Fri Feb 08 11:41:10 PST 2019","Tue Feb 05 12:34:17 PST 2019","","","649","100% (1/1)","100% (1/1)","100% (1/1)","1095544"
"3V7ICJJAZBQIB3QH93LS74LV6SF4BS","3WZIO7X3RNSNGMIIHSSITKQFHPZAXQ","Estimating game","Guess the number of dots and other estimation tasks","survey","$0.50","Tue Feb 05 11:29:57 PST 2019","150","BatchId:3522925;OriginalHitTemplateId:920937340;","1800","259200","Tue Feb 12 11:29:57 PST 2019","","","3DBQWDE4Y884VFH7G0EDRBMQDXUN5I","A30RAYNDOWQ61S","Approved","Tue Feb 05 11:30:19 PST 2019","Tue Feb 05 11:39:58 PST 2019","Fri Feb 08 11:39:58 PST 2019","Tue Feb 05 12:34:17 PST 2019","","","579","100% (1/1)","100% (1/1)","100% (1/1)","9486070"
"3V7ICJJAZBQIB3QH93LS74LV6SF4BS","3WZIO7X3RNSNGMIIHSSITKQFHPZAXQ","Estimating game","Guess the number of dots and other estimation tasks","survey","$0.50","Tue Feb 05 11:29:57 PST 2019","150","BatchId:3522925;OriginalHitTemplateId:920937340;","1800","259200","Tue Feb 12 11:29:57 PST 2019","","","3DPNQGW4LNPESB7F3E9MK8UQIBA64M","A16TESTJICU76L","Approved","Tue Feb 05 11:30:24 PST 2019","Tue Feb 05 11:32:15 PST 2019","Fri Feb 08 11:32:15 PST 2019","Tue Feb 05 12:34:17 PST 2019","","","111","100% (1/1)","100% (1/1)","100% (1/1)","6477266"
"3V7ICJJAZBQIB3QH93LS74LV6SF4BS","3WZIO7X3RNSNGMIIHSSITKQFHPZAXQ","Estimating game","Guess the number of dots and other estimation tasks","survey","$0.50","Tue Feb 05 11:29:57 PST 2019","150","BatchId:3522925;OriginalHitTemplateId:920937340;","1800","259200","Tue Feb 12 11:29:57 PST 2019","","","3DR23U6WE7O2MBFKOXTS44YVF8FETB","A3T61LJ1WNOL6Z","Approved","Tue Feb 05 11:30:09 PST 2019","Tue Feb 05 11:56:14 PST 2019","Fri Feb 08 11:56:14 PST 2019","Tue Feb 05 12:34:17 PST 2019","","","1565","100% (1/1)","100% (1/1)","100% (1/1)","4110913"
"3V7ICJJAZBQIB3QH93LS74LV6SF4BS","3WZIO7X3RNSNGMIIHSSITKQFHPZAXQ","Estimating game","Guess the number of dots and other estimation tasks","survey","$0.50","Tue Feb 05 11:29:57 PST 2019","150","BatchId:3522925;OriginalHitTemplateId:920937340;","1800","259200","Tue Feb 12 11:29:57 PST 2019","","","3E13VNJ1NP5DTW5XIXZ9JDDSFIVI1F","A2ZWWHY6ZEXC6L","Approved","Tue Feb 05 11:30:23 PST 2019","Tue Feb 05 11:38:41 PST 2019","Fri Feb 08 11:38:41 PST 2019","Tue Feb 05 12:34:17 PST 2019","","","498","100% (1/1)","100% (1/1)","100% (1/1)","4593773"
"3V7ICJJAZBQIB3QH93LS74LV6SF4BS","3WZIO7X3RNSNGMIIHSSITKQFHPZAXQ","Estimating game","Guess the number of dots and other estimation tasks","survey","$0.50","Tue Feb 05 11:29:57 PST 2019","150","BatchId:3522925;OriginalHitTemplateId:920937340;","1800","259200","Tue Feb 12 11:29:57 PST 2019","","","3E1QT0TDFRJV4WPIHI8OYN00TO18IP","A2M45YGLOWMO4N","Approved","Tue Feb 05 11:30:08 PST 2019","Tue Feb 05 11:31:14 PST 2019","Fri Feb 08 11:31:14 PST 2019","Tue Feb 05 12:34:17 PST 2019","","","66","100% (1/1)","100% (1/1)","100% (1/1)","6653814"
"3V7ICJJAZBQIB3QH93LS74LV6SF4BS","3WZIO7X3RNSNGMIIHSSITKQFHPZAXQ","Estimating game","Guess the number of dots and other estimation tasks","survey","$0.50","Tue Feb 05 11:29:57 PST 2019","150","BatchId:3522925;OriginalHitTemplateId:920937340;","1800","259200","Tue Feb 12 11:29:57 PST 2019","","","3E7TUJ2EGEWEAQS6UWDR7MFYLPBD9H","AVO9I5F22GK5Q","Approved","Tue Feb 05 11:30:24 PST 2019","Tue Feb 05 11:46:19 PST 2019","Fri Feb 08 11:46:19 PST 2019","Tue Feb 05 12:34:17 PST 2019","","","955","100% (1/1)","100% (1/1)","100% (1/1)","4929341"
"3V7ICJJAZBQIB3QH93LS74LV6SF4BS","3WZIO7X3RNSNGMIIHSSITKQFHPZAXQ","Estimating game","Guess the number of dots and other estimation tasks","survey","$0.50","Tue Feb 05 11:29:57 PST 2019","150","BatchId:3522925;OriginalHitTemplateId:920937340;","1800","259200","Tue Feb 12 11:29:57 PST 2019","","","3E7TUJ2EGEWEAQS6UWDR7MFYLPF9DH","A2CF2BD4Q0ZDJN","Approved","Tue Feb 05 12:01:05 PST 2019","Tue Feb 05 12:12:07 PST 2019","Fri Feb 08 12:12:07 PST 2019","Tue Feb 05 12:34:18 PST 2019","","","662","100% (1/1)","100% (1/1)","100% (1/1)","2210713"
"3V7ICJJAZBQIB3QH93LS74LV6SF4BS","3WZIO7X3RNSNGMIIHSSITKQFHPZAXQ","Estimating game","Guess the number of dots and other estimation tasks","survey","$0.50","Tue Feb 05 11:29:57 PST 2019","150","BatchId:3522925;OriginalHitTemplateId:920937340;","1800","259200","Tue Feb 12 11:29:57 PST 2019","","","3EFE17QCREFDRLT7PYW8F2ZM55THS5","AU849EHZNGV2Z","Approved","Tue Feb 05 11:30:14 PST 2019","Tue Feb 05 11:36:58 PST 2019","Fri Feb 08 11:36:58 PST 2019","Tue Feb 05 12:34:18 PST 2019","","","404","100% (1/1)","100% (1/1)","100% (1/1)","5334087"
"3V7ICJJAZBQIB3QH93LS74LV6SF4BS","3WZIO7X3RNSNGMIIHSSITKQFHPZAXQ","Estimating game","Guess the number of dots and other estimation tasks","survey","$0.50","Tue Feb 05 11:29:57 PST 2019","150","BatchId:3522925;OriginalHitTemplateId:920937340;","1800","259200","Tue Feb 12 11:29:57 PST 2019","","","3EFVCAY5L5JRZ79OZ0TOAOF063Q8J1","A239JNU2N6RC4U","Approved","Tue Feb 05 11:30:08 PST 2019","Tue Feb 05 11:43:14 PST 2019","Fri Feb 08 11:43:14 PST 2019","Tue Feb 05 12:34:18 PST 2019","","","786","100% (1/1)","100% (1/1)","100% (1/1)","9282012"
"3V7ICJJAZBQIB3QH93LS74LV6SF4BS","3WZIO7X3RNSNGMIIHSSITKQFHPZAXQ","Estimating game","Guess the number of dots and other estimation tasks","survey","$0.50","Tue Feb 05 11:29:57 PST 2019","150","BatchId:3522925;OriginalHitTemplateId:920937340;","1800","259200","Tue Feb 12 11:29:57 PST 2019","","","3EFVCAY5L5JRZ79OZ0TOAOF063T8J4","A1KZGJW02UQMFT","Approved","Tue Feb 05 11:56:28 PST 2019","Tue Feb 05 12:00:14 PST 2019","Fri Feb 08 12:00:14 PST 2019","Tue Feb 05 12:34:18 PST 2019","","","226","100% (1/1)","100% (1/1)","100% (1/1)","4137227"
"3V7ICJJAZBQIB3QH93LS74LV6SF4BS","3WZIO7X3RNSNGMIIHSSITKQFHPZAXQ","Estimating game","Guess the number of dots and other estimation tasks","survey","$0.50","Tue Feb 05 11:29:57 PST 2019","150","BatchId:3522925;OriginalHitTemplateId:920937340;","1800","259200","Tue Feb 12 11:29:57 PST 2019","","","3EJJQNKU9TF1Q6TUA9W3PSUQJ3AHRH","A1V2H0UF94ATWY","Approved","Tue Feb 05 11:30:13 PST 2019","Tue Feb 05 11:47:06 PST 2019","Fri Feb 08 11:47:06 PST 2019","Tue Feb 05 12:34:18 PST 2019","","","1013","100% (1/1)","100% (1/1)","100% (1/1)","8782143"
"3V7ICJJAZBQIB3QH93LS74LV6SF4BS","3WZIO7X3RNSNGMIIHSSITKQFHPZAXQ","Estimating game","Guess the number of dots and other estimation tasks","survey","$0.50","Tue Feb 05 11:29:57 PST 2019","150","BatchId:3522925;OriginalHitTemplateId:920937340;","1800","259200","Tue Feb 12 11:29:57 PST 2019","","","3EKVH9QME0E3A6779NYCXZ7KFJ1D2P","A6EJ7EU0KMGPL","Approved","Tue Feb 05 11:30:15 PST 2019","Tue Feb 05 11:34:03 PST 2019","Fri Feb 08 11:34:03 PST 2019","Tue Feb 05 12:34:18 PST 2019","","","228","100% (1/1)","100% (1/1)","100% (1/1)","4390553"
"3V7ICJJAZBQIB3QH93LS74LV6SF4BS","3WZIO7X3RNSNGMIIHSSITKQFHPZAXQ","Estimating game","Guess the number of dots and other estimation tasks","survey","$0.50","Tue Feb 05 11:29:57 PST 2019","150","BatchId:3522925;OriginalHitTemplateId:920937340;","1800","259200","Tue Feb 12 11:29:57 PST 2019","","","3ERET4BTVOJMOWYGMDZEBZAO5Y8K91","ABMX8XUNPR3LP","Approved","Tue Feb 05 11:30:12 PST 2019","Tue Feb 05 11:31:39 PST 2019","Fri Feb 08 11:31:39 PST 2019","Tue Feb 05 12:34:18 PST 2019","","","87","100% (1/1)","100% (1/1)","100% (1/1)","3677103"
"3V7ICJJAZBQIB3QH93LS74LV6SF4BS","3WZIO7X3RNSNGMIIHSSITKQFHPZAXQ","Estimating game","Guess the number of dots and other estimation tasks","survey","$0.50","Tue Feb 05 11:29:57 PST 2019","150","BatchId:3522925;OriginalHitTemplateId:920937340;","1800","259200","Tue Feb 12 11:29:57 PST 2019","","","3F6KKYWMNDBZZSW0V6WWPNAIQESNDQ","A9EVF0SO2IUJ0","Approved","Tue Feb 05 11:30:23 PST 2019","Tue Feb 05 11:48:22 PST 2019","Fri Feb 08 11:48:22 PST 2019","Tue Feb 05 12:34:18 PST 2019","","","1079","100% (1/1)","100% (1/1)","100% (1/1)","6822682"
"3V7ICJJAZBQIB3QH93LS74LV6SF4BS","3WZIO7X3RNSNGMIIHSSITKQFHPZAXQ","Estimating game","Guess the number of dots and other estimation tasks","survey","$0.50","Tue Feb 05 11:29:57 PST 2019","150","BatchId:3522925;OriginalHitTemplateId:920937340;","1800","259200","Tue Feb 12 11:29:57 PST 2019","","","3FDJT1UU76I3N9W4JNMXZJ5MJ2PK5A","A3AHAY1VIJDCGX","Approved","Tue Feb 05 12:00:34 PST 2019","Tue Feb 05 12:07:06 PST 2019","Fri Feb 08 12:07:06 PST 2019","Tue Feb 05 12:34:18 PST 2019","","","392","100% (1/1)","100% (1/1)","100% (1/1)","8755141"
"3V7ICJJAZBQIB3QH93LS74LV6SF4BS","3WZIO7X3RNSNGMIIHSSITKQFHPZAXQ","Estimating game","Guess the number of dots and other estimation tasks","survey","$0.50","Tue Feb 05 11:29:57 PST 2019","150","BatchId:3522925;OriginalHitTemplateId:920937340;","1800","259200","Tue Feb 12 11:29:57 PST 2019","","","3FE2ERCCZZIQ6AZ21UN446RCU70POL","A3QJ14Y7N8VQ42","Approved","Tue Feb 05 11:30:18 PST 2019","Tue Feb 05 11:34:20 PST 2019","Fri Feb 08 11:34:20 PST 2019","Tue Feb 05 12:34:19 PST 2019","","","242","100% (1/1)","100% (1/1)","100% (1/1)","872895"
"3V7ICJJAZBQIB3QH93LS74LV6SF4BS","3WZIO7X3RNSNGMIIHSSITKQFHPZAXQ","Estimating game","Guess the number of dots and other estimation tasks","survey","$0.50","Tue Feb 05 11:29:57 PST 2019","150","BatchId:3522925;OriginalHitTemplateId:920937340;","1800","259200","Tue Feb 12 11:29:57 PST 2019","","","3FFJ6VRIL3YDM7KFMEV958UIAQP0IU","AKHH4W14A6AN9","Approved","Tue Feb 05 11:30:06 PST 2019","Tue Feb 05 11:42:27 PST 2019","Fri Feb 08 11:42:27 PST 2019","Tue Feb 05 12:34:19 PST 2019","","","741","100% (1/1)","100% (1/1)","100% (1/1)","5319733"
"3V7ICJJAZBQIB3QH93LS74LV6SF4BS","3WZIO7X3RNSNGMIIHSSITKQFHPZAXQ","Estimating game","Guess the number of dots and other estimation tasks","survey","$0.50","Tue Feb 05 11:29:57 PST 2019","150","BatchId:3522925;OriginalHitTemplateId:920937340;","1800","259200","Tue Feb 12 11:29:57 PST 2019","","","3FFJ6VRIL3YDM7KFMEV958UIAQPI0C","AKVDK30EEV08C","Approved","Tue Feb 05 11:30:26 PST 2019","Tue Feb 05 11:33:33 PST 2019","Fri Feb 08 11:33:33 PST 2019","Tue Feb 05 12:34:19 PST 2019","","","187","100% (1/1)","100% (1/1)","100% (1/1)","2114151"
"3V7ICJJAZBQIB3QH93LS74LV6SF4BS","3WZIO7X3RNSNGMIIHSSITKQFHPZAXQ","Estimating game","Guess the number of dots and other estimation tasks","survey","$0.50","Tue Feb 05 11:29:57 PST 2019","150","BatchId:3522925;OriginalHitTemplateId:920937340;","1800","259200","Tue Feb 12 11:29:57 PST 2019","","","3FQ5JJ512NY7DY2ANNIJT058ANPKN0","A3CH1Z6J9R38G9","Approved","Tue Feb 05 11:30:20 PST 2019","Tue Feb 05 11:34:05 PST 2019","Fri Feb 08 11:34:05 PST 2019","Tue Feb 05 12:34:19 PST 2019","","","225","100% (1/1)","100% (1/1)","100% (1/1)","4757004"
"3V7ICJJAZBQIB3QH93LS74LV6SF4BS","3WZIO7X3RNSNGMIIHSSITKQFHPZAXQ","Estimating game","Guess the number of dots and other estimation tasks","survey","$0.50","Tue Feb 05 11:29:57 PST 2019","150","BatchId:3522925;OriginalHitTemplateId:920937340;","1800","259200","Tue Feb 12 11:29:57 PST 2019","","","3FTOP5WARHY9HI4L4WG9H99IN5E0J6","A191V7PT3DQKDP","Approved","Tue Feb 05 11:30:08 PST 2019","Tue Feb 05 11:33:31 PST 2019","Fri Feb 08 11:33:31 PST 2019","Tue Feb 05 12:34:19 PST 2019","","","203","100% (1/1)","100% (1/1)","100% (1/1)","6560338"
"3V7ICJJAZBQIB3QH93LS74LV6SF4BS","3WZIO7X3RNSNGMIIHSSITKQFHPZAXQ","Estimating game","Guess the number of dots and other estimation tasks","survey","$0.50","Tue Feb 05 11:29:57 PST 2019","150","BatchId:3522925;OriginalHitTemplateId:920937340;","1800","259200","Tue Feb 12 11:29:57 PST 2019","","","3FTYUGLFSWVV93QUR60AV6AWZTSD5Q","A2QMHQXR8K4VJ2","Approved","Tue Feb 05 11:30:21 PST 2019","Tue Feb 05 11:43:57 PST 2019","Fri Feb 08 11:43:57 PST 2019","Tue Feb 05 12:34:19 PST 2019","","","816","100% (1/1)","100% (1/1)","100% (1/1)","9969211"
"3V7ICJJAZBQIB3QH93LS74LV6SF4BS","3WZIO7X3RNSNGMIIHSSITKQFHPZAXQ","Estimating game","Guess the number of dots and other estimation tasks","survey","$0.50","Tue Feb 05 11:29:57 PST 2019","150","BatchId:3522925;OriginalHitTemplateId:920937340;","1800","259200","Tue Feb 12 11:29:57 PST 2019","","","3G5F9DBFOR7TJDABJT1DQPJT49NHVA","A3CXK1KSRGU27V","Approved","Tue Feb 05 11:53:12 PST 2019","Tue Feb 05 12:02:08 PST 2019","Fri Feb 08 12:02:08 PST 2019","Tue Feb 05 12:34:19 PST 2019","","","536","100% (1/1)","100% (1/1)","100% (1/1)","1829822"
"3V7ICJJAZBQIB3QH93LS74LV6SF4BS","3WZIO7X3RNSNGMIIHSSITKQFHPZAXQ","Estimating game","Guess the number of dots and other estimation tasks","survey","$0.50","Tue Feb 05 11:29:57 PST 2019","150","BatchId:3522925;OriginalHitTemplateId:920937340;","1800","259200","Tue Feb 12 11:29:57 PST 2019","","","3G5W44VEU9S136LO0J5O3GWB9B3KGS","A2YOVBJ9EXAI8W","Approved","Tue Feb 05 11:30:15 PST 2019","Tue Feb 05 11:33:06 PST 2019","Fri Feb 08 11:33:06 PST 2019","Tue Feb 05 12:34:19 PST 2019","","","171","100% (1/1)","100% (1/1)","100% (1/1)","7400061"
"3V7ICJJAZBQIB3QH93LS74LV6SF4BS","3WZIO7X3RNSNGMIIHSSITKQFHPZAXQ","Estimating game","Guess the number of dots and other estimation tasks","survey","$0.50","Tue Feb 05 11:29:57 PST 2019","150","BatchId:3522925;OriginalHitTemplateId:920937340;","1800","259200","Tue Feb 12 11:29:57 PST 2019","","","3GNCZX450KX14651RBIM3B775QWAP7","A1OBB3PWYWK9KK","Approved","Tue Feb 05 11:30:12 PST 2019","Tue Feb 05 11:33:42 PST 2019","Fri Feb 08 11:33:42 PST 2019","Tue Feb 05 12:34:19 PST 2019","","","210","100% (1/1)","100% (1/1)","100% (1/1)","5612305"
"3V7ICJJAZBQIB3QH93LS74LV6SF4BS","3WZIO7X3RNSNGMIIHSSITKQFHPZAXQ","Estimating game","Guess the number of dots and other estimation tasks","survey","$0.50","Tue Feb 05 11:29:57 PST 2019","150","BatchId:3522925;OriginalHitTemplateId:920937340;","1800","259200","Tue Feb 12 11:29:57 PST 2019","","","3H7Z272LX9HI0PW5O27CCPNIZ2VPL4","A34930YXVQ8SUT","Approved","Tue Feb 05 11:31:26 PST 2019","Tue Feb 05 11:35:03 PST 2019","Fri Feb 08 11:35:03 PST 2019","Tue Feb 05 12:34:20 PST 2019","","","217","100% (1/1)","100% (1/1)","100% (1/1)","6359037"
"3V7ICJJAZBQIB3QH93LS74LV6SF4BS","3WZIO7X3RNSNGMIIHSSITKQFHPZAXQ","Estimating game","Guess the number of dots and other estimation tasks","survey","$0.50","Tue Feb 05 11:29:57 PST 2019","150","BatchId:3522925;OriginalHitTemplateId:920937340;","1800","259200","Tue Feb 12 11:29:57 PST 2019","","","3H8DHMCCWBLYRMBXYT4GXVTEWJNKDI","APGX2WZ59OWDN","Approved","Tue Feb 05 11:30:16 PST 2019","Tue Feb 05 11:58:11 PST 2019","Fri Feb 08 11:58:11 PST 2019","Tue Feb 05 12:34:20 PST 2019","","","1675","100% (1/1)","100% (1/1)","100% (1/1)","2791866"
"3V7ICJJAZBQIB3QH93LS74LV6SF4BS","3WZIO7X3RNSNGMIIHSSITKQFHPZAXQ","Estimating game","Guess the number of dots and other estimation tasks","survey","$0.50","Tue Feb 05 11:29:57 PST 2019","150","BatchId:3522925;OriginalHitTemplateId:920937340;","1800","259200","Tue Feb 12 11:29:57 PST 2019","","","3HL8HNGX47BB8A62L28HVMIJX2RF9U","A357BORERBTE76","Approved","Tue Feb 05 11:30:19 PST 2019","Tue Feb 05 11:37:03 PST 2019","Fri Feb 08 11:37:03 PST 2019","Tue Feb 05 12:34:20 PST 2019","","","404","100% (1/1)","100% (1/1)","100% (1/1)","6901755"
"3V7ICJJAZBQIB3QH93LS74LV6SF4BS","3WZIO7X3RNSNGMIIHSSITKQFHPZAXQ","Estimating game","Guess the number of dots and other estimation tasks","survey","$0.50","Tue Feb 05 11:29:57 PST 2019","150","BatchId:3522925;OriginalHitTemplateId:920937340;","1800","259200","Tue Feb 12 11:29:57 PST 2019","","","3HOSI13XH1YQDG5N6CITTIYOCAQDDY","A2GRJVN7B5YR96","Approved","Tue Feb 05 11:30:28 PST 2019","Tue Feb 05 11:40:55 PST 2019","Fri Feb 08 11:40:55 PST 2019","Tue Feb 05 12:34:21 PST 2019","","","627","100% (1/1)","100% (1/1)","100% (1/1)","2483885"
"3V7ICJJAZBQIB3QH93LS74LV6SF4BS","3WZIO7X3RNSNGMIIHSSITKQFHPZAXQ","Estimating game","Guess the number of dots and other estimation tasks","survey","$0.50","Tue Feb 05 11:29:57 PST 2019","150","BatchId:3522925;OriginalHitTemplateId:920937340;","1800","259200","Tue Feb 12 11:29:57 PST 2019","","","3HPZF4IVNO3J6ZU02CAWMXQ79YKCY5","A1LTJHPUTL7WM9","Approved","Tue Feb 05 11:30:14 PST 2019","Tue Feb 05 11:41:21 PST 2019","Fri Feb 08 11:41:21 PST 2019","Tue Feb 05 12:34:21 PST 2019","","","667","100% (1/1)","100% (1/1)","100% (1/1)","5498596"
"3V7ICJJAZBQIB3QH93LS74LV6SF4BS","3WZIO7X3RNSNGMIIHSSITKQFHPZAXQ","Estimating game","Guess the number of dots and other estimation tasks","survey","$0.50","Tue Feb 05 11:29:57 PST 2019","150","BatchId:3522925;OriginalHitTemplateId:920937340;","1800","259200","Tue Feb 12 11:29:57 PST 2019","","","3HQUKB7LNHOO1CFRE4K9BOSKWUCHHK","A313JEGCVV2UES","Approved","Tue Feb 05 11:30:08 PST 2019","Tue Feb 05 11:34:26 PST 2019","Fri Feb 08 11:34:26 PST 2019","Tue Feb 05 12:34:21 PST 2019","","","258","100% (1/1)","100% (1/1)","100% (1/1)","9114730"
"3V7ICJJAZBQIB3QH93LS74LV6SF4BS","3WZIO7X3RNSNGMIIHSSITKQFHPZAXQ","Estimating game","Guess the number of dots and other estimation tasks","survey","$0.50","Tue Feb 05 11:29:57 PST 2019","150","BatchId:3522925;OriginalHitTemplateId:920937340;","1800","259200","Tue Feb 12 11:29:57 PST 2019","","","3HSYG7LRBL865SH7QAQ318O4GSKKKV","A2LZSELECGE94T","Approved","Tue Feb 05 11:30:19 PST 2019","Tue Feb 05 11:35:35 PST 2019","Fri Feb 08 11:35:35 PST 2019","Tue Feb 05 12:34:21 PST 2019","","","316","100% (1/1)","100% (1/1)","100% (1/1)","2731942"
"3V7ICJJAZBQIB3QH93LS74LV6SF4BS","3WZIO7X3RNSNGMIIHSSITKQFHPZAXQ","Estimating game","Guess the number of dots and other estimation tasks","survey","$0.50","Tue Feb 05 11:29:57 PST 2019","150","BatchId:3522925;OriginalHitTemplateId:920937340;","1800","259200","Tue Feb 12 11:29:57 PST 2019","","","3HWRJOOET7C17B25ZXO2UZ29DP1ESM","A1QQQ7KKM896QY","Approved","Tue Feb 05 11:30:08 PST 2019","Tue Feb 05 11:38:18 PST 2019","Fri Feb 08 11:38:18 PST 2019","Tue Feb 05 12:34:21 PST 2019","","","490","100% (1/1)","100% (1/1)","100% (1/1)","5075376"
"3V7ICJJAZBQIB3QH93LS74LV6SF4BS","3WZIO7X3RNSNGMIIHSSITKQFHPZAXQ","Estimating game","Guess the number of dots and other estimation tasks","survey","$0.50","Tue Feb 05 11:29:57 PST 2019","150","BatchId:3522925;OriginalHitTemplateId:920937340;","1800","259200","Tue Feb 12 11:29:57 PST 2019","","","3HYA4D452TT08QL30TT2LZA5RWHF22","A3KKXA7COL5JHL","Approved","Tue Feb 05 11:30:14 PST 2019","Tue Feb 05 11:41:56 PST 2019","Fri Feb 08 11:41:56 PST 2019","Tue Feb 05 12:34:21 PST 2019","","","702","100% (1/1)","100% (1/1)","100% (1/1)","9249091"
"3V7ICJJAZBQIB3QH93LS74LV6SF4BS","3WZIO7X3RNSNGMIIHSSITKQFHPZAXQ","Estimating game","Guess the number of dots and other estimation tasks","survey","$0.50","Tue Feb 05 11:29:57 PST 2019","150","BatchId:3522925;OriginalHitTemplateId:920937340;","1800","259200","Tue Feb 12 11:29:57 PST 2019","","","3I02618YA2GLJFJZXGZD3CJ1CTOPUY","ANFOANVH009SI","Approved","Tue Feb 05 11:30:19 PST 2019","Tue Feb 05 11:36:00 PST 2019","Fri Feb 08 11:36:00 PST 2019","Tue Feb 05 12:34:21 PST 2019","","","341","100% (1/1)","100% (1/1)","100% (1/1)","190834"
"3V7ICJJAZBQIB3QH93LS74LV6SF4BS","3WZIO7X3RNSNGMIIHSSITKQFHPZAXQ","Estimating game","Guess the number of dots and other estimation tasks","survey","$0.50","Tue Feb 05 11:29:57 PST 2019","150","BatchId:3522925;OriginalHitTemplateId:920937340;","1800","259200","Tue Feb 12 11:29:57 PST 2019","","","3I2PTA7R3V4SGVF23FA0XU0DFYCKQN","A3UN1F1EOHKKE6","Approved","Tue Feb 05 11:30:20 PST 2019","Tue Feb 05 11:32:47 PST 2019","Fri Feb 08 11:32:47 PST 2019","Tue Feb 05 12:34:21 PST 2019","","","147","100% (1/1)","100% (1/1)","100% (1/1)","9514369"
"3V7ICJJAZBQIB3QH93LS74LV6SF4BS","3WZIO7X3RNSNGMIIHSSITKQFHPZAXQ","Estimating game","Guess the number of dots and other estimation tasks","survey","$0.50","Tue Feb 05 11:29:57 PST 2019","150","BatchId:3522925;OriginalHitTemplateId:920937340;","1800","259200","Tue Feb 12 11:29:57 PST 2019","","","3I3WADAZ9SEMD0HJHFEQ60MV37Z5OF","AV7UX8QQXABSK","Approved","Tue Feb 05 11:30:08 PST 2019","Tue Feb 05 11:47:36 PST 2019","Fri Feb 08 11:47:36 PST 2019","Tue Feb 05 12:34:22 PST 2019","","","1048","100% (1/1)","100% (1/1)","100% (1/1)","2751283"
"3V7ICJJAZBQIB3QH93LS74LV6SF4BS","3WZIO7X3RNSNGMIIHSSITKQFHPZAXQ","Estimating game","Guess the number of dots and other estimation tasks","survey","$0.50","Tue Feb 05 11:29:57 PST 2019","150","BatchId:3522925;OriginalHitTemplateId:920937340;","1800","259200","Tue Feb 12 11:29:57 PST 2019","","","3I7DHKZYGPAS7N4QICV0J6DHB68F53","A1OX5KXDZAVQPJ","Approved","Tue Feb 05 11:30:16 PST 2019","Tue Feb 05 11:36:43 PST 2019","Fri Feb 08 11:36:43 PST 2019","Tue Feb 05 12:34:22 PST 2019","","","387","100% (1/1)","100% (1/1)","100% (1/1)","4865197"
"3V7ICJJAZBQIB3QH93LS74LV6SF4BS","3WZIO7X3RNSNGMIIHSSITKQFHPZAXQ","Estimating game","Guess the number of dots and other estimation tasks","survey","$0.50","Tue Feb 05 11:29:57 PST 2019","150","BatchId:3522925;OriginalHitTemplateId:920937340;","1800","259200","Tue Feb 12 11:29:57 PST 2019","","","3IOEN3P9S9TX0CAWGWQKMANN6R0619","A3ANYKOQE1N4R","Approved","Tue Feb 05 11:30:20 PST 2019","Tue Feb 05 11:30:48 PST 2019","Fri Feb 08 11:30:48 PST 2019","Tue Feb 05 12:34:22 PST 2019","","","28","100% (1/1)","100% (1/1)","100% (1/1)","4626565"
"3V7ICJJAZBQIB3QH93LS74LV6SF4BS","3WZIO7X3RNSNGMIIHSSITKQFHPZAXQ","Estimating game","Guess the number of dots and other estimation tasks","survey","$0.50","Tue Feb 05 11:29:57 PST 2019","150","BatchId:3522925;OriginalHitTemplateId:920937340;","1800","259200","Tue Feb 12 11:29:57 PST 2019","","","3J88R45B2I8D0JDU2LA0NJI56B5PXQ","A2IK4Y33UY7YFK","Approved","Tue Feb 05 11:30:25 PST 2019","Tue Feb 05 11:34:44 PST 2019","Fri Feb 08 11:34:44 PST 2019","Tue Feb 05 12:34:22 PST 2019","","","259","100% (1/1)","100% (1/1)","100% (1/1)","5262057"
"3V7ICJJAZBQIB3QH93LS74LV6SF4BS","3WZIO7X3RNSNGMIIHSSITKQFHPZAXQ","Estimating game","Guess the number of dots and other estimation tasks","survey","$0.50","Tue Feb 05 11:29:57 PST 2019","150","BatchId:3522925;OriginalHitTemplateId:920937340;","1800","259200","Tue Feb 12 11:29:57 PST 2019","","","3JPSL1DZ5U911LTOBW5UZM2C5BVNAO","AGA1PIIWM8I8D","Approved","Tue Feb 05 11:30:22 PST 2019","Tue Feb 05 11:34:32 PST 2019","Fri Feb 08 11:34:32 PST 2019","Tue Feb 05 12:34:22 PST 2019","","","250","100% (1/1)","100% (1/1)","100% (1/1)","1570779"
"3V7ICJJAZBQIB3QH93LS74LV6SF4BS","3WZIO7X3RNSNGMIIHSSITKQFHPZAXQ","Estimating game","Guess the number of dots and other estimation tasks","survey","$0.50","Tue Feb 05 11:29:57 PST 2019","150","BatchId:3522925;OriginalHitTemplateId:920937340;","1800","259200","Tue Feb 12 11:29:57 PST 2019","","","3JWH6J9I9UN6KVYGHA5QUXMINTGNBJ","AK3H5QRAROFGP","Approved","Tue Feb 05 11:30:22 PST 2019","Tue Feb 05 11:43:33 PST 2019","Fri Feb 08 11:43:33 PST 2019","Tue Feb 05 12:34:22 PST 2019","","","791","100% (1/1)","100% (1/1)","100% (1/1)","6646293"
"3V7ICJJAZBQIB3QH93LS74LV6SF4BS","3WZIO7X3RNSNGMIIHSSITKQFHPZAXQ","Estimating game","Guess the number of dots and other estimation tasks","survey","$0.50","Tue Feb 05 11:29:57 PST 2019","150","BatchId:3522925;OriginalHitTemplateId:920937340;","1800","259200","Tue Feb 12 11:29:57 PST 2019","","","3JZQSN0I3SKQNKTAZ8ERN3461FMFGL","A1H2E85EW10IO3","Approved","Tue Feb 05 11:30:22 PST 2019","Tue Feb 05 11:33:54 PST 2019","Fri Feb 08 11:33:54 PST 2019","Tue Feb 05 12:34:22 PST 2019","","","212","100% (1/1)","100% (1/1)","100% (1/1)","7426208"
"3V7ICJJAZBQIB3QH93LS74LV6SF4BS","3WZIO7X3RNSNGMIIHSSITKQFHPZAXQ","Estimating game","Guess the number of dots and other estimation tasks","survey","$0.50","Tue Feb 05 11:29:57 PST 2019","150","BatchId:3522925;OriginalHitTemplateId:920937340;","1800","259200","Tue Feb 12 11:29:57 PST 2019","","","3KMS4QQVK40VP6PTPZZ6LVWZ8W3FKO","A1CYQ6677HL86Y","Approved","Tue Feb 05 11:30:24 PST 2019","Tue Feb 05 11:38:05 PST 2019","Fri Feb 08 11:38:05 PST 2019","Tue Feb 05 12:34:22 PST 2019","","","461","100% (1/1)","100% (1/1)","100% (1/1)","8193564"
"3V7ICJJAZBQIB3QH93LS74LV6SF4BS","3WZIO7X3RNSNGMIIHSSITKQFHPZAXQ","Estimating game","Guess the number of dots and other estimation tasks","survey","$0.50","Tue Feb 05 11:29:57 PST 2019","150","BatchId:3522925;OriginalHitTemplateId:920937340;","1800","259200","Tue Feb 12 11:29:57 PST 2019","","","3KMS4QQVK40VP6PTPZZ6LVWZ8W3KFT","A1EITLFAMKA61U","Approved","Tue Feb 05 11:30:15 PST 2019","Tue Feb 05 11:35:36 PST 2019","Fri Feb 08 11:35:36 PST 2019","Tue Feb 05 12:34:22 PST 2019","","","321","100% (1/1)","100% (1/1)","100% (1/1)","1833640"
"3V7ICJJAZBQIB3QH93LS74LV6SF4BS","3WZIO7X3RNSNGMIIHSSITKQFHPZAXQ","Estimating game","Guess the number of dots and other estimation tasks","survey","$0.50","Tue Feb 05 11:29:57 PST 2019","150","BatchId:3522925;OriginalHitTemplateId:920937340;","1800","259200","Tue Feb 12 11:29:57 PST 2019","","","3L70J4KAZIWSF92BM2RR3HQIR7TDAW","AIWSB4YTN32GF","Approved","Tue Feb 05 11:30:24 PST 2019","Tue Feb 05 11:44:32 PST 2019","Fri Feb 08 11:44:32 PST 2019","Tue Feb 05 12:34:23 PST 2019","","","848","100% (1/1)","100% (1/1)","100% (1/1)","2438616"
"3V7ICJJAZBQIB3QH93LS74LV6SF4BS","3WZIO7X3RNSNGMIIHSSITKQFHPZAXQ","Estimating game","Guess the number of dots and other estimation tasks","survey","$0.50","Tue Feb 05 11:29:57 PST 2019","150","BatchId:3522925;OriginalHitTemplateId:920937340;","1800","259200","Tue Feb 12 11:29:57 PST 2019","","","3LQ8PUHQFN2OX7QBKM2UB0TZW7RHID","A214HWAW1PYWO8","Approved","Tue Feb 05 11:30:08 PST 2019","Tue Feb 05 11:53:21 PST 2019","Fri Feb 08 11:53:21 PST 2019","Tue Feb 05 12:34:23 PST 2019","","","1393","100% (1/1)","100% (1/1)","100% (1/1)","899910"
"3V7ICJJAZBQIB3QH93LS74LV6SF4BS","3WZIO7X3RNSNGMIIHSSITKQFHPZAXQ","Estimating game","Guess the number of dots and other estimation tasks","survey","$0.50","Tue Feb 05 11:29:57 PST 2019","150","BatchId:3522925;OriginalHitTemplateId:920937340;","1800","259200","Tue Feb 12 11:29:57 PST 2019","","","3LRLIPTPESJ0TF8LEJDE7UL8BGQKAG","A2RQMEPIHW5BOS","Approved","Tue Feb 05 11:30:12 PST 2019","Tue Feb 05 11:50:21 PST 2019","Fri Feb 08 11:50:21 PST 2019","Tue Feb 05 12:34:23 PST 2019","","","1209","100% (1/1)","100% (1/1)","100% (1/1)","9917910"
"3V7ICJJAZBQIB3QH93LS74LV6SF4BS","3WZIO7X3RNSNGMIIHSSITKQFHPZAXQ","Estimating game","Guess the number of dots and other estimation tasks","survey","$0.50","Tue Feb 05 11:29:57 PST 2019","150","BatchId:3522925;OriginalHitTemplateId:920937340;","1800","259200","Tue Feb 12 11:29:57 PST 2019","","","3LYA37P8ISX5CPDDKXDA255ETYBKBB","A1YILFU07P6DND","Approved","Tue Feb 05 11:30:14 PST 2019","Tue Feb 05 11:43:22 PST 2019","Fri Feb 08 11:43:22 PST 2019","Tue Feb 05 12:34:23 PST 2019","","","788","100% (1/1)","100% (1/1)","100% (1/1)","8764041"
"3V7ICJJAZBQIB3QH93LS74LV6SF4BS","3WZIO7X3RNSNGMIIHSSITKQFHPZAXQ","Estimating game","Guess the number of dots and other estimation tasks","survey","$0.50","Tue Feb 05 11:29:57 PST 2019","150","BatchId:3522925;OriginalHitTemplateId:920937340;","1800","259200","Tue Feb 12 11:29:57 PST 2019","","","3M1CVSFP62FM4I6GROXB3GXHAMIAQY","AYQH26R4KXW2K","Approved","Tue Feb 05 12:00:35 PST 2019","Tue Feb 05 12:06:09 PST 2019","Fri Feb 08 12:06:09 PST 2019","Tue Feb 05 12:34:23 PST 2019","","","334","100% (1/1)","100% (1/1)","100% (1/1)","4451839"
"3V7ICJJAZBQIB3QH93LS74LV6SF4BS","3WZIO7X3RNSNGMIIHSSITKQFHPZAXQ","Estimating game","Guess the number of dots and other estimation tasks","survey","$0.50","Tue Feb 05 11:29:57 PST 2019","150","BatchId:3522925;OriginalHitTemplateId:920937340;","1800","259200","Tue Feb 12 11:29:57 PST 2019","","","3MB8LZR5BH3HPYZPBA24G81J5SPKLY","A1OPGPTQJ48XOY","Approved","Tue Feb 05 11:30:19 PST 2019","Tue Feb 05 11:33:51 PST 2019","Fri Feb 08 11:33:51 PST 2019","Tue Feb 05 12:34:23 PST 2019","","","212","100% (1/1)","100% (1/1)","100% (1/1)","8918162"
"3V7ICJJAZBQIB3QH93LS74LV6SF4BS","3WZIO7X3RNSNGMIIHSSITKQFHPZAXQ","Estimating game","Guess the number of dots and other estimation tasks","survey","$0.50","Tue Feb 05 11:29:57 PST 2019","150","BatchId:3522925;OriginalHitTemplateId:920937340;","1800","259200","Tue Feb 12 11:29:57 PST 2019","","","3MTMREQS4XSROF223XWHV5F3YNZAW2","A2CHDWKAYZ3P3E","Approved","Tue Feb 05 11:30:17 PST 2019","Tue Feb 05 11:56:54 PST 2019","Fri Feb 08 11:56:54 PST 2019","Tue Feb 05 12:34:23 PST 2019","","","1597","100% (1/1)","100% (1/1)","100% (1/1)","9215260"
"3V7ICJJAZBQIB3QH93LS74LV6SF4BS","3WZIO7X3RNSNGMIIHSSITKQFHPZAXQ","Estimating game","Guess the number of dots and other estimation tasks","survey","$0.50","Tue Feb 05 11:29:57 PST 2019","150","BatchId:3522925;OriginalHitTemplateId:920937340;","1800","259200","Tue Feb 12 11:29:57 PST 2019","","","3N2BF7Y2VS4ATQG2510M3T0GDGBHMT","A2H6K1XIK4LY7O","Approved","Tue Feb 05 11:30:11 PST 2019","Tue Feb 05 11:58:15 PST 2019","Fri Feb 08 11:58:15 PST 2019","Tue Feb 05 12:34:43 PST 2019","","","1684","100% (1/1)","100% (1/1)","100% (1/1)","2356917"
"3V7ICJJAZBQIB3QH93LS74LV6SF4BS","3WZIO7X3RNSNGMIIHSSITKQFHPZAXQ","Estimating game","Guess the number of dots and other estimation tasks","survey","$0.50","Tue Feb 05 11:29:57 PST 2019","150","BatchId:3522925;OriginalHitTemplateId:920937340;","1800","259200","Tue Feb 12 11:29:57 PST 2019","","","3NGMS9VZTNSK9KXFOO895I4U00MFFM","A2929S7JLLYFSW","Approved","Tue Feb 05 11:30:22 PST 2019","Tue Feb 05 11:35:27 PST 2019","Fri Feb 08 11:35:27 PST 2019","Tue Feb 05 12:34:44 PST 2019","","","305","100% (1/1)","100% (1/1)","100% (1/1)","1023429"
"3V7ICJJAZBQIB3QH93LS74LV6SF4BS","3WZIO7X3RNSNGMIIHSSITKQFHPZAXQ","Estimating game","Guess the number of dots and other estimation tasks","survey","$0.50","Tue Feb 05 11:29:57 PST 2019","150","BatchId:3522925;OriginalHitTemplateId:920937340;","1800","259200","Tue Feb 12 11:29:57 PST 2019","","","3NPI0JQDAQF6J24AXB93YGXZTFHPT7","AMQDEH6870W20","Approved","Tue Feb 05 11:30:17 PST 2019","Tue Feb 05 11:33:51 PST 2019","Fri Feb 08 11:33:51 PST 2019","Tue Feb 05 12:34:44 PST 2019","","","214","100% (1/1)","100% (1/1)","100% (1/1)","9849226"
"3V7ICJJAZBQIB3QH93LS74LV6SF4BS","3WZIO7X3RNSNGMIIHSSITKQFHPZAXQ","Estimating game","Guess the number of dots and other estimation tasks","survey","$0.50","Tue Feb 05 11:29:57 PST 2019","150","BatchId:3522925;OriginalHitTemplateId:920937340;","1800","259200","Tue Feb 12 11:29:57 PST 2019","","","3NS0A6KXC6IWS1KA0K8YQVKODKJZGW","ASZ56AVQ9MQUK","Approved","Tue Feb 05 12:00:55 PST 2019","Tue Feb 05 12:03:28 PST 2019","Fri Feb 08 12:03:28 PST 2019","Tue Feb 05 12:34:44 PST 2019","","","153","100% (1/1)","100% (1/1)","100% (1/1)","3644389"
"3V7ICJJAZBQIB3QH93LS74LV6SF4BS","3WZIO7X3RNSNGMIIHSSITKQFHPZAXQ","Estimating game","Guess the number of dots and other estimation tasks","survey","$0.50","Tue Feb 05 11:29:57 PST 2019","150","BatchId:3522925;OriginalHitTemplateId:920937340;","1800","259200","Tue Feb 12 11:29:57 PST 2019","","","3OB0CAO74JZAN75GO4OXXONNMQPHYJ","AIK9W79I4TPJW","Approved","Tue Feb 05 11:30:20 PST 2019","Tue Feb 05 11:36:20 PST 2019","Fri Feb 08 11:36:20 PST 2019","Tue Feb 05 12:34:44 PST 2019","","","360","100% (1/1)","100% (1/1)","100% (1/1)","7163149"
"3V7ICJJAZBQIB3QH93LS74LV6SF4BS","3WZIO7X3RNSNGMIIHSSITKQFHPZAXQ","Estimating game","Guess the number of dots and other estimation tasks","survey","$0.50","Tue Feb 05 11:29:57 PST 2019","150","BatchId:3522925;OriginalHitTemplateId:920937340;","1800","259200","Tue Feb 12 11:29:57 PST 2019","","","3OLF68YTNBBPDTG7D8MHRHT33K9FA9","A3KYQT21GQY4X0","Approved","Tue Feb 05 11:30:18 PST 2019","Tue Feb 05 11:33:28 PST 2019","Fri Feb 08 11:33:28 PST 2019","Tue Feb 05 12:34:44 PST 2019","","","190","100% (1/1)","100% (1/1)","100% (1/1)","5201596"
"3V7ICJJAZBQIB3QH93LS74LV6SF4BS","3WZIO7X3RNSNGMIIHSSITKQFHPZAXQ","Estimating game","Guess the number of dots and other estimation tasks","survey","$0.50","Tue Feb 05 11:29:57 PST 2019","150","BatchId:3522925;OriginalHitTemplateId:920937340;","1800","259200","Tue Feb 12 11:29:57 PST 2019","","","3OXV7EAXLG0TAFOB3043A32K4BE631","A3HOBJ4PJUOCUN","Approved","Tue Feb 05 11:30:22 PST 2019","Tue Feb 05 11:33:01 PST 2019","Fri Feb 08 11:33:01 PST 2019","Tue Feb 05 12:34:44 PST 2019","","","159","100% (1/1)","100% (1/1)","100% (1/1)","4622888"
"3V7ICJJAZBQIB3QH93LS74LV6SF4BS","3WZIO7X3RNSNGMIIHSSITKQFHPZAXQ","Estimating game","Guess the number of dots and other estimation tasks","survey","$0.50","Tue Feb 05 11:29:57 PST 2019","150","BatchId:3522925;OriginalHitTemplateId:920937340;","1800","259200","Tue Feb 12 11:29:57 PST 2019","","","3PMBY0YE29D45YMSU0IGNGXG0P0C9H","A3E8SXH0BAYG85","Approved","Tue Feb 05 11:35:45 PST 2019","Tue Feb 05 11:38:43 PST 2019","Fri Feb 08 11:38:43 PST 2019","Tue Feb 05 12:34:44 PST 2019","","","178","100% (1/1)","100% (1/1)","100% (1/1)","3168982"
"3V7ICJJAZBQIB3QH93LS74LV6SF4BS","3WZIO7X3RNSNGMIIHSSITKQFHPZAXQ","Estimating game","Guess the number of dots and other estimation tasks","survey","$0.50","Tue Feb 05 11:29:57 PST 2019","150","BatchId:3522925;OriginalHitTemplateId:920937340;","1800","259200","Tue Feb 12 11:29:57 PST 2019","","","3QAVNHZ3EOEBDLQ3ZJPFMUYN0GVAL9","APSX6ZF7HGSG2","Approved","Tue Feb 05 11:35:01 PST 2019","Tue Feb 05 11:44:34 PST 2019","Fri Feb 08 11:44:34 PST 2019","Tue Feb 05 12:34:44 PST 2019","","","573","100% (1/1)","100% (1/1)","100% (1/1)","5790304"
"3V7ICJJAZBQIB3QH93LS74LV6SF4BS","3WZIO7X3RNSNGMIIHSSITKQFHPZAXQ","Estimating game","Guess the number of dots and other estimation tasks","survey","$0.50","Tue Feb 05 11:29:57 PST 2019","150","BatchId:3522925;OriginalHitTemplateId:920937340;","1800","259200","Tue Feb 12 11:29:57 PST 2019","","","3QEMNNSB2Z9AW74DFZF7TQOSQZND75","A18G2CLYSTENK","Approved","Tue Feb 05 11:30:20 PST 2019","Tue Feb 05 11:50:43 PST 2019","Fri Feb 08 11:50:43 PST 2019","Tue Feb 05 12:34:45 PST 2019","","","1223","100% (1/1)","100% (1/1)","100% (1/1)","5828529"
"3V7ICJJAZBQIB3QH93LS74LV6SF4BS","3WZIO7X3RNSNGMIIHSSITKQFHPZAXQ","Estimating game","Guess the number of dots and other estimation tasks","survey","$0.50","Tue Feb 05 11:29:57 PST 2019","150","BatchId:3522925;OriginalHitTemplateId:920937340;","1800","259200","Tue Feb 12 11:29:57 PST 2019","","","3QILPRALQ75NIX09EYLG3VWHFNV8N5","AU2RMH9IZP60M","Approved","Tue Feb 05 11:30:14 PST 2019","Tue Feb 05 11:50:27 PST 2019","Fri Feb 08 11:50:27 PST 2019","Tue Feb 05 12:34:45 PST 2019","","","1213","100% (1/1)","100% (1/1)","100% (1/1)","3091252"
"3V7ICJJAZBQIB3QH93LS74LV6SF4BS","3WZIO7X3RNSNGMIIHSSITKQFHPZAXQ","Estimating game","Guess the number of dots and other estimation tasks","survey","$0.50","Tue Feb 05 11:29:57 PST 2019","150","BatchId:3522925;OriginalHitTemplateId:920937340;","1800","259200","Tue Feb 12 11:29:57 PST 2019","","","3QILPRALQ75NIX09EYLG3VWHFNVN8K","A26M997VYVK0E6","Approved","Tue Feb 05 11:30:21 PST 2019","Tue Feb 05 11:43:46 PST 2019","Fri Feb 08 11:43:46 PST 2019","Tue Feb 05 12:34:45 PST 2019","","","805","100% (1/1)","100% (1/1)","100% (1/1)","3569968"
"3V7ICJJAZBQIB3QH93LS74LV6SF4BS","3WZIO7X3RNSNGMIIHSSITKQFHPZAXQ","Estimating game","Guess the number of dots and other estimation tasks","survey","$0.50","Tue Feb 05 11:29:57 PST 2019","150","BatchId:3522925;OriginalHitTemplateId:920937340;","1800","259200","Tue Feb 12 11:29:57 PST 2019","","","3QIYRE09Y5R57XGOFDC1OL991HPN10","A3D9NTTKE35SRL","Approved","Tue Feb 05 11:30:16 PST 2019","Tue Feb 05 11:52:55 PST 2019","Fri Feb 08 11:52:55 PST 2019","Tue Feb 05 12:34:45 PST 2019","","","1359","100% (1/1)","100% (1/1)","100% (1/1)","9572113"
"3V7ICJJAZBQIB3QH93LS74LV6SF4BS","3WZIO7X3RNSNGMIIHSSITKQFHPZAXQ","Estimating game","Guess the number of dots and other estimation tasks","survey","$0.50","Tue Feb 05 11:29:57 PST 2019","150","BatchId:3522925;OriginalHitTemplateId:920937340;","1800","259200","Tue Feb 12 11:29:57 PST 2019","","","3QL2OFSM98SPU0QMVA1L5HS05EGNCQ","A2HNVHBI7I96YD","Approved","Tue Feb 05 11:30:23 PST 2019","Tue Feb 05 11:34:37 PST 2019","Fri Feb 08 11:34:37 PST 2019","Tue Feb 05 12:34:45 PST 2019","","","254","100% (1/1)","100% (1/1)","100% (1/1)","9753151"
"3V7ICJJAZBQIB3QH93LS74LV6SF4BS","3WZIO7X3RNSNGMIIHSSITKQFHPZAXQ","Estimating game","Guess the number of dots and other estimation tasks","survey","$0.50","Tue Feb 05 11:29:57 PST 2019","150","BatchId:3522925;OriginalHitTemplateId:920937340;","1800","259200","Tue Feb 12 11:29:57 PST 2019","","","3QY7M81QH9WIADAN7G1UX3JIA8KK7P","A183WYXN12P2TJ","Approved","Tue Feb 05 11:30:12 PST 2019","Tue Feb 05 11:53:49 PST 2019","Fri Feb 08 11:53:49 PST 2019","Tue Feb 05 12:34:45 PST 2019","","","1417","100% (1/1)","100% (1/1)","100% (1/1)","9934603"
"3V7ICJJAZBQIB3QH93LS74LV6SF4BS","3WZIO7X3RNSNGMIIHSSITKQFHPZAXQ","Estimating game","Guess the number of dots and other estimation tasks","survey","$0.50","Tue Feb 05 11:29:57 PST 2019","150","BatchId:3522925;OriginalHitTemplateId:920937340;","1800","259200","Tue Feb 12 11:29:57 PST 2019","","","3R3YRB5GRHDEWBDX8XHGDHU6D7OAU3","A2XFO0X6RCS98M","Approved","Tue Feb 05 11:30:16 PST 2019","Tue Feb 05 11:31:44 PST 2019","Fri Feb 08 11:31:44 PST 2019","Tue Feb 05 12:34:45 PST 2019","","","88","100% (1/1)","100% (1/1)","100% (1/1)","6240125"
"3V7ICJJAZBQIB3QH93LS74LV6SF4BS","3WZIO7X3RNSNGMIIHSSITKQFHPZAXQ","Estimating game","Guess the number of dots and other estimation tasks","survey","$0.50","Tue Feb 05 11:29:57 PST 2019","150","BatchId:3522925;OriginalHitTemplateId:920937340;","1800","259200","Tue Feb 12 11:29:57 PST 2019","","","3RU7GD8VPQ3542RV8B4DOB1DRW3PSI","APRZ7BR8C0ZMQ","Approved","Tue Feb 05 11:30:17 PST 2019","Tue Feb 05 11:37:41 PST 2019","Fri Feb 08 11:37:41 PST 2019","Tue Feb 05 12:34:45 PST 2019","","","444","100% (1/1)","100% (1/1)","100% (1/1)","4371809"
"3V7ICJJAZBQIB3QH93LS74LV6SF4BS","3WZIO7X3RNSNGMIIHSSITKQFHPZAXQ","Estimating game","Guess the number of dots and other estimation tasks","survey","$0.50","Tue Feb 05 11:29:57 PST 2019","150","BatchId:3522925;OriginalHitTemplateId:920937340;","1800","259200","Tue Feb 12 11:29:57 PST 2019","","","3RYC5T2D753T3NRITM48Y1WH5UKPRU","A39Q4SNT7SRK94","Approved","Tue Feb 05 11:30:19 PST 2019","Tue Feb 05 11:38:37 PST 2019","Fri Feb 08 11:38:37 PST 2019","Tue Feb 05 12:34:45 PST 2019","","","498","100% (1/1)","100% (1/1)","100% (1/1)","9112136"
"3V7ICJJAZBQIB3QH93LS74LV6SF4BS","3WZIO7X3RNSNGMIIHSSITKQFHPZAXQ","Estimating game","Guess the number of dots and other estimation tasks","survey","$0.50","Tue Feb 05 11:29:57 PST 2019","150","BatchId:3522925;OriginalHitTemplateId:920937340;","1800","259200","Tue Feb 12 11:29:57 PST 2019","","","3S3AMIZX3WFG8OZ96GNI9CG6RAEDCY","A2M1CVZZJAN4T4","Approved","Tue Feb 05 11:30:23 PST 2019","Tue Feb 05 11:38:42 PST 2019","Fri Feb 08 11:38:42 PST 2019","Tue Feb 05 12:34:45 PST 2019","","","499","100% (1/1)","100% (1/1)","100% (1/1)","2674422"
"3V7ICJJAZBQIB3QH93LS74LV6SF4BS","3WZIO7X3RNSNGMIIHSSITKQFHPZAXQ","Estimating game","Guess the number of dots and other estimation tasks","survey","$0.50","Tue Feb 05 11:29:57 PST 2019","150","BatchId:3522925;OriginalHitTemplateId:920937340;","1800","259200","Tue Feb 12 11:29:57 PST 2019","","","3SB4CE2TJX56DF7SD2S3XOTA7P5AXV","A2LF84L3K71GR2","Approved","Tue Feb 05 11:30:17 PST 2019","Tue Feb 05 11:42:29 PST 2019","Fri Feb 08 11:42:29 PST 2019","Tue Feb 05 12:34:46 PST 2019","","","732","100% (1/1)","100% (1/1)","100% (1/1)","3481430"
"3V7ICJJAZBQIB3QH93LS74LV6SF4BS","3WZIO7X3RNSNGMIIHSSITKQFHPZAXQ","Estimating game","Guess the number of dots and other estimation tasks","survey","$0.50","Tue Feb 05 11:29:57 PST 2019","150","BatchId:3522925;OriginalHitTemplateId:920937340;","1800","259200","Tue Feb 12 11:29:57 PST 2019","","","3SB4CE2TJX56DF7SD2S3XOTA7P8XAL","A2M926W9I0CP93","Approved","Tue Feb 05 12:01:26 PST 2019","Tue Feb 05 12:25:21 PST 2019","Fri Feb 08 12:25:21 PST 2019","Tue Feb 05 12:34:46 PST 2019","","","1435","100% (1/1)","100% (1/1)","100% (1/1)","9234880"
"3V7ICJJAZBQIB3QH93LS74LV6SF4BS","3WZIO7X3RNSNGMIIHSSITKQFHPZAXQ","Estimating game","Guess the number of dots and other estimation tasks","survey","$0.50","Tue Feb 05 11:29:57 PST 2019","150","BatchId:3522925;OriginalHitTemplateId:920937340;","1800","259200","Tue Feb 12 11:29:57 PST 2019","","","3SEPORI8WP9VIA77EKGOU99LFP3AZS","A23FMTVKQEYCMW","Approved","Tue Feb 05 11:30:20 PST 2019","Tue Feb 05 11:51:27 PST 2019","Fri Feb 08 11:51:27 PST 2019","Tue Feb 05 12:34:46 PST 2019","","","1267","100% (1/1)","100% (1/1)","100% (1/1)","9149719"
"3V7ICJJAZBQIB3QH93LS74LV6SF4BS","3WZIO7X3RNSNGMIIHSSITKQFHPZAXQ","Estimating game","Guess the number of dots and other estimation tasks","survey","$0.50","Tue Feb 05 11:29:57 PST 2019","150","BatchId:3522925;OriginalHitTemplateId:920937340;","1800","259200","Tue Feb 12 11:29:57 PST 2019","","","3SKEMFQBZ5FMARF6HLT0B3FDLSQ8K0","A1Z6F6EIUJFC6T","Approved","Tue Feb 05 11:55:37 PST 2019","Tue Feb 05 12:11:35 PST 2019","Fri Feb 08 12:11:35 PST 2019","Tue Feb 05 12:34:46 PST 2019","","","958","100% (1/1)","100% (1/1)","100% (1/1)","5111217"
"3V7ICJJAZBQIB3QH93LS74LV6SF4BS","3WZIO7X3RNSNGMIIHSSITKQFHPZAXQ","Estimating game","Guess the number of dots and other estimation tasks","survey","$0.50","Tue Feb 05 11:29:57 PST 2019","150","BatchId:3522925;OriginalHitTemplateId:920937340;","1800","259200","Tue Feb 12 11:29:57 PST 2019","","","3SKEMFQBZ5FMARF6HLT0B3FDLSQK8C","A3HW4QDJB63OQ2","Approved","Tue Feb 05 11:30:12 PST 2019","Tue Feb 05 11:35:14 PST 2019","Fri Feb 08 11:35:14 PST 2019","Tue Feb 05 12:34:46 PST 2019","","","302","100% (1/1)","100% (1/1)","100% (1/1)","1459569"
"3V7ICJJAZBQIB3QH93LS74LV6SF4BS","3WZIO7X3RNSNGMIIHSSITKQFHPZAXQ","Estimating game","Guess the number of dots and other estimation tasks","survey","$0.50","Tue Feb 05 11:29:57 PST 2019","150","BatchId:3522925;OriginalHitTemplateId:920937340;","1800","259200","Tue Feb 12 11:29:57 PST 2019","","","3SKRO2GZ7314ZRVLI0KLWTS57MKK1S","A6B8HB98TB1HJ","Approved","Tue Feb 05 11:35:45 PST 2019","Tue Feb 05 11:51:54 PST 2019","Fri Feb 08 11:51:54 PST 2019","Tue Feb 05 12:34:46 PST 2019","","","969","100% (1/1)","100% (1/1)","100% (1/1)","8503736"
"3V7ICJJAZBQIB3QH93LS74LV6SF4BS","3WZIO7X3RNSNGMIIHSSITKQFHPZAXQ","Estimating game","Guess the number of dots and other estimation tasks","survey","$0.50","Tue Feb 05 11:29:57 PST 2019","150","BatchId:3522925;OriginalHitTemplateId:920937340;","1800","259200","Tue Feb 12 11:29:57 PST 2019","","","3TEM0PF1Q77WEW4TU0UYEBE5ILHD05","ATZSD4TTNDO5V","Approved","Tue Feb 05 11:30:15 PST 2019","Tue Feb 05 11:33:01 PST 2019","Fri Feb 08 11:33:01 PST 2019","Tue Feb 05 12:34:46 PST 2019","","","166","100% (1/1)","100% (1/1)","100% (1/1)","6454889"
"3V7ICJJAZBQIB3QH93LS74LV6SF4BS","3WZIO7X3RNSNGMIIHSSITKQFHPZAXQ","Estimating game","Guess the number of dots and other estimation tasks","survey","$0.50","Tue Feb 05 11:29:57 PST 2019","150","BatchId:3522925;OriginalHitTemplateId:920937340;","1800","259200","Tue Feb 12 11:29:57 PST 2019","","","3TK8OJTYM3VLWU8Z269IZYLKQ0XPVN","A1F2MFSHXTGAVD","Approved","Tue Feb 05 11:30:20 PST 2019","Tue Feb 05 11:35:53 PST 2019","Fri Feb 08 11:35:53 PST 2019","Tue Feb 05 12:34:46 PST 2019","","","333","100% (1/1)","100% (1/1)","100% (1/1)","9701682"
"3V7ICJJAZBQIB3QH93LS74LV6SF4BS","3WZIO7X3RNSNGMIIHSSITKQFHPZAXQ","Estimating game","Guess the number of dots and other estimation tasks","survey","$0.50","Tue Feb 05 11:29:57 PST 2019","150","BatchId:3522925;OriginalHitTemplateId:920937340;","1800","259200","Tue Feb 12 11:29:57 PST 2019","","","3TMFV4NEPAOD5R9N6ZC3ZE988ZZ8WW","A3I4PK485Z5QP9","Approved","Tue Feb 05 11:30:15 PST 2019","Tue Feb 05 11:47:57 PST 2019","Fri Feb 08 11:47:57 PST 2019","Tue Feb 05 12:34:46 PST 2019","","","1062","100% (1/1)","100% (1/1)","100% (1/1)","3718087"
"3V7ICJJAZBQIB3QH93LS74LV6SF4BS","3WZIO7X3RNSNGMIIHSSITKQFHPZAXQ","Estimating game","Guess the number of dots and other estimation tasks","survey","$0.50","Tue Feb 05 11:29:57 PST 2019","150","BatchId:3522925;OriginalHitTemplateId:920937340;","1800","259200","Tue Feb 12 11:29:57 PST 2019","","","3TPWUS5F8BBFHUZ0NBS8105RYQKCW6","AUIPOGXK5QGRX","Approved","Tue Feb 05 12:00:55 PST 2019","Tue Feb 05 12:26:27 PST 2019","Fri Feb 08 12:26:27 PST 2019","Tue Feb 05 12:34:47 PST 2019","","","1532","100% (1/1)","100% (1/1)","100% (1/1)","6073161"
"3V7ICJJAZBQIB3QH93LS74LV6SF4BS","3WZIO7X3RNSNGMIIHSSITKQFHPZAXQ","Estimating game","Guess the number of dots and other estimation tasks","survey","$0.50","Tue Feb 05 11:29:57 PST 2019","150","BatchId:3522925;OriginalHitTemplateId:920937340;","1800","259200","Tue Feb 12 11:29:57 PST 2019","","","3TU5ZICBRFB8LUD1UQDX7PRMKYI8QS","A3JLE2LJ5I17E2","Approved","Tue Feb 05 11:30:15 PST 2019","Tue Feb 05 11:44:55 PST 2019","Fri Feb 08 11:44:55 PST 2019","Tue Feb 05 12:34:47 PST 2019","","","880","100% (1/1)","100% (1/1)","100% (1/1)","8529003"
"3V7ICJJAZBQIB3QH93LS74LV6SF4BS","3WZIO7X3RNSNGMIIHSSITKQFHPZAXQ","Estimating game","Guess the number of dots and other estimation tasks","survey","$0.50","Tue Feb 05 11:29:57 PST 2019","150","BatchId:3522925;OriginalHitTemplateId:920937340;","1800","259200","Tue Feb 12 11:29:57 PST 2019","","","3TY7ZAOG5HU4S2A3MHGLIO9V2UE0K5","A32U64W0S9PUA3","Approved","Tue Feb 05 11:30:09 PST 2019","Tue Feb 05 11:50:59 PST 2019","Fri Feb 08 11:50:59 PST 2019","Tue Feb 05 12:34:47 PST 2019","","","1250","100% (1/1)","100% (1/1)","100% (1/1)","567158"
"3V7ICJJAZBQIB3QH93LS74LV6SF4BS","3WZIO7X3RNSNGMIIHSSITKQFHPZAXQ","Estimating game","Guess the number of dots and other estimation tasks","survey","$0.50","Tue Feb 05 11:29:57 PST 2019","150","BatchId:3522925;OriginalHitTemplateId:920937340;","1800","259200","Tue Feb 12 11:29:57 PST 2019","","","3U4J9857OGLHHA6T13O1Y00SNEBB7W","A2SBISQJE2ZPJQ","Approved","Tue Feb 05 11:30:24 PST 2019","Tue Feb 05 11:35:56 PST 2019","Fri Feb 08 11:35:56 PST 2019","Tue Feb 05 12:34:47 PST 2019","","","332","100% (1/1)","100% (1/1)","100% (1/1)","7143859"
"3V7ICJJAZBQIB3QH93LS74LV6SF4BS","3WZIO7X3RNSNGMIIHSSITKQFHPZAXQ","Estimating game","Guess the number of dots and other estimation tasks","survey","$0.50","Tue Feb 05 11:29:57 PST 2019","150","BatchId:3522925;OriginalHitTemplateId:920937340;","1800","259200","Tue Feb 12 11:29:57 PST 2019","","","3U5NZHP4LTCGETDFXHSEKXUBILMHPP","A1WY3YGT618GC0","Approved","Tue Feb 05 11:30:13 PST 2019","Tue Feb 05 11:44:31 PST 2019","Fri Feb 08 11:44:31 PST 2019","Tue Feb 05 12:34:47 PST 2019","","","858","100% (1/1)","100% (1/1)","100% (1/1)","799218"
"3V7ICJJAZBQIB3QH93LS74LV6SF4BS","3WZIO7X3RNSNGMIIHSSITKQFHPZAXQ","Estimating game","Guess the number of dots and other estimation tasks","survey","$0.50","Tue Feb 05 11:29:57 PST 2019","150","BatchId:3522925;OriginalHitTemplateId:920937340;","1800","259200","Tue Feb 12 11:29:57 PST 2019","","","3VAR3R6G1RB50I0LFDLTIKWM5X08OK","AK5AFB4VLBCGK","Approved","Tue Feb 05 11:30:13 PST 2019","Tue Feb 05 11:50:04 PST 2019","Fri Feb 08 11:50:04 PST 2019","Tue Feb 05 12:34:47 PST 2019","","","1191","100% (1/1)","100% (1/1)","100% (1/1)","689017"
"3V7ICJJAZBQIB3QH93LS74LV6SF4BS","3WZIO7X3RNSNGMIIHSSITKQFHPZAXQ","Estimating game","Guess the number of dots and other estimation tasks","survey","$0.50","Tue Feb 05 11:29:57 PST 2019","150","BatchId:3522925;OriginalHitTemplateId:920937340;","1800","259200","Tue Feb 12 11:29:57 PST 2019","","","3VELCLL3GMTTJ537HPTOGG00ZQ3F1L","A125KW9P18V5Z1","Approved","Tue Feb 05 11:30:13 PST 2019","Tue Feb 05 11:52:17 PST 2019","Fri Feb 08 11:52:17 PST 2019","Tue Feb 05 12:34:47 PST 2019","","","1324","100% (1/1)","100% (1/1)","100% (1/1)","5681662"
"3V7ICJJAZBQIB3QH93LS74LV6SF4BS","3WZIO7X3RNSNGMIIHSSITKQFHPZAXQ","Estimating game","Guess the number of dots and other estimation tasks","survey","$0.50","Tue Feb 05 11:29:57 PST 2019","150","BatchId:3522925;OriginalHitTemplateId:920937340;","1800","259200","Tue Feb 12 11:29:57 PST 2019","","","3VFJCI1K419NQAYJQ3EL4SIP430RGV","A3LA5P3N3KI8U7","Approved","Tue Feb 05 12:01:05 PST 2019","Tue Feb 05 12:09:16 PST 2019","Fri Feb 08 12:09:16 PST 2019","Tue Feb 05 12:34:47 PST 2019","","","491","100% (1/1)","100% (1/1)","100% (1/1)","6245201"
"3V7ICJJAZBQIB3QH93LS74LV6SF4BS","3WZIO7X3RNSNGMIIHSSITKQFHPZAXQ","Estimating game","Guess the number of dots and other estimation tasks","survey","$0.50","Tue Feb 05 11:29:57 PST 2019","150","BatchId:3522925;OriginalHitTemplateId:920937340;","1800","259200","Tue Feb 12 11:29:57 PST 2019","","","3VHP9MDGRPUD68D5XMI8XCJR3NUFCB","AZ9BU8QI4YKF3","Approved","Tue Feb 05 11:30:20 PST 2019","Tue Feb 05 11:32:08 PST 2019","Fri Feb 08 11:32:08 PST 2019","Tue Feb 05 12:34:47 PST 2019","","","108","100% (1/1)","100% (1/1)","100% (1/1)","417045"
"3V7ICJJAZBQIB3QH93LS74LV6SF4BS","3WZIO7X3RNSNGMIIHSSITKQFHPZAXQ","Estimating game","Guess the number of dots and other estimation tasks","survey","$0.50","Tue Feb 05 11:29:57 PST 2019","150","BatchId:3522925;OriginalHitTemplateId:920937340;","1800","259200","Tue Feb 12 11:29:57 PST 2019","","","3W2LOLRXLDPSSWU2GUZ02KAIBKEKRO","A2XWD4PZM6JU0M","Approved","Tue Feb 05 11:30:21 PST 2019","Tue Feb 05 11:40:00 PST 2019","Fri Feb 08 11:40:00 PST 2019","Tue Feb 05 12:34:47 PST 2019","","","579","100% (1/1)","100% (1/1)","100% (1/1)","1009984"
"3V7ICJJAZBQIB3QH93LS74LV6SF4BS","3WZIO7X3RNSNGMIIHSSITKQFHPZAXQ","Estimating game","Guess the number of dots and other estimation tasks","survey","$0.50","Tue Feb 05 11:29:57 PST 2019","150","BatchId:3522925;OriginalHitTemplateId:920937340;","1800","259200","Tue Feb 12 11:29:57 PST 2019","","","3WETL7AQWVIXRBOXYHUYIXOK8G335I","A34FEDYGGZ4BN8","Approved","Tue Feb 05 12:00:14 PST 2019","Tue Feb 05 12:08:39 PST 2019","Fri Feb 08 12:08:39 PST 2019","Tue Feb 05 12:34:47 PST 2019","","","505","100% (1/1)","100% (1/1)","100% (1/1)","9875731"
"3V7ICJJAZBQIB3QH93LS74LV6SF4BS","3WZIO7X3RNSNGMIIHSSITKQFHPZAXQ","Estimating game","Guess the number of dots and other estimation tasks","survey","$0.50","Tue Feb 05 11:29:57 PST 2019","150","BatchId:3522925;OriginalHitTemplateId:920937340;","1800","259200","Tue Feb 12 11:29:57 PST 2019","","","3WEV0KO0OO2WF5O532DIOHKODD0SD7","ASF5V3K4IFP4K","Approved","Tue Feb 05 11:30:25 PST 2019","Tue Feb 05 11:31:43 PST 2019","Fri Feb 08 11:31:43 PST 2019","Tue Feb 05 12:34:48 PST 2019","","","78","100% (1/1)","100% (1/1)","100% (1/1)","9616891"
"3V7ICJJAZBQIB3QH93LS74LV6SF4BS","3WZIO7X3RNSNGMIIHSSITKQFHPZAXQ","Estimating game","Guess the number of dots and other estimation tasks","survey","$0.50","Tue Feb 05 11:29:57 PST 2019","150","BatchId:3522925;OriginalHitTemplateId:920937340;","1800","259200","Tue Feb 12 11:29:57 PST 2019","","","3WQ3B2KGEAQ36ORRCN7SXQ9FKSBB1Z","A2P1KI42CJVNIA","Approved","Tue Feb 05 11:30:19 PST 2019","Tue Feb 05 11:42:27 PST 2019","Fri Feb 08 11:42:27 PST 2019","Tue Feb 05 12:34:48 PST 2019","","","728","100% (1/1)","100% (1/1)","100% (1/1)","4211727"
"3V7ICJJAZBQIB3QH93LS74LV6SF4BS","3WZIO7X3RNSNGMIIHSSITKQFHPZAXQ","Estimating game","Guess the number of dots and other estimation tasks","survey","$0.50","Tue Feb 05 11:29:57 PST 2019","150","BatchId:3522925;OriginalHitTemplateId:920937340;","1800","259200","Tue Feb 12 11:29:57 PST 2019","","","3WRFBPLXRCY1H0U32HQKCEO6Z13N3S","A2D1MZDJBGTBMK","Approved","Tue Feb 05 11:30:17 PST 2019","Tue Feb 05 11:36:58 PST 2019","Fri Feb 08 11:36:58 PST 2019","Tue Feb 05 12:34:48 PST 2019","","","401","100% (1/1)","100% (1/1)","100% (1/1)","6283781"
"3V7ICJJAZBQIB3QH93LS74LV6SF4BS","3WZIO7X3RNSNGMIIHSSITKQFHPZAXQ","Estimating game","Guess the number of dots and other estimation tasks","survey","$0.50","Tue Feb 05 11:29:57 PST 2019","150","BatchId:3522925;OriginalHitTemplateId:920937340;","1800","259200","Tue Feb 12 11:29:57 PST 2019","","","3WYGZ5XF3YP4TBUFVJZ5SUFEXMXKSC","A2148LZC82UBIX","Approved","Tue Feb 05 11:30:22 PST 2019","Tue Feb 05 11:44:13 PST 2019","Fri Feb 08 11:44:13 PST 2019","Tue Feb 05 12:34:48 PST 2019","","","831","100% (1/1)","100% (1/1)","100% (1/1)","3499832"
"3V7ICJJAZBQIB3QH93LS74LV6SF4BS","3WZIO7X3RNSNGMIIHSSITKQFHPZAXQ","Estimating game","Guess the number of dots and other estimation tasks","survey","$0.50","Tue Feb 05 11:29:57 PST 2019","150","BatchId:3522925;OriginalHitTemplateId:920937340;","1800","259200","Tue Feb 12 11:29:57 PST 2019","","","3X3OR7WPZ1AXUXXO2L51Q3SSASV8L3","A3OW5EFQ5QFD19","Approved","Tue Feb 05 11:30:10 PST 2019","Tue Feb 05 11:58:16 PST 2019","Fri Feb 08 11:58:16 PST 2019","Tue Feb 05 12:34:48 PST 2019","","","1686","100% (1/1)","100% (1/1)","100% (1/1)","278400"
"3V7ICJJAZBQIB3QH93LS74LV6SF4BS","3WZIO7X3RNSNGMIIHSSITKQFHPZAXQ","Estimating game","Guess the number of dots and other estimation tasks","survey","$0.50","Tue Feb 05 11:29:57 PST 2019","150","BatchId:3522925;OriginalHitTemplateId:920937340;","1800","259200","Tue Feb 12 11:29:57 PST 2019","","","3X73LLYYQ3OGB812H2FMG8PGI6LHNT","A3GEL5PWFIK05S","Approved","Tue Feb 05 11:30:11 PST 2019","Tue Feb 05 11:42:12 PST 2019","Fri Feb 08 11:42:12 PST 2019","Tue Feb 05 12:34:48 PST 2019","","","721","100% (1/1)","100% (1/1)","100% (1/1)","6407205"
"3V7ICJJAZBQIB3QH93LS74LV6SF4BS","3WZIO7X3RNSNGMIIHSSITKQFHPZAXQ","Estimating game","Guess the number of dots and other estimation tasks","survey","$0.50","Tue Feb 05 11:29:57 PST 2019","150","BatchId:3522925;OriginalHitTemplateId:920937340;","1800","259200","Tue Feb 12 11:29:57 PST 2019","","","3YT88D1N0A809U9054Y4KM7256YK3K","A2C7TMRC2QHTIW","Approved","Tue Feb 05 11:30:10 PST 2019","Tue Feb 05 11:32:44 PST 2019","Fri Feb 08 11:32:44 PST 2019","Tue Feb 05 12:34:48 PST 2019","","","154","100% (1/1)","100% (1/1)","100% (1/1)","6104707"
"3V7ICJJAZBQIB3QH93LS74LV6SF4BS","3WZIO7X3RNSNGMIIHSSITKQFHPZAXQ","Estimating game","Guess the number of dots and other estimation tasks","survey","$0.50","Tue Feb 05 11:29:57 PST 2019","150","BatchId:3522925;OriginalHitTemplateId:920937340;","1800","259200","Tue Feb 12 11:29:57 PST 2019","","","3YWRV122CU90DNKIBZX2HQOBNJO8UX","A23437BMZ5T1FH","Approved","Tue Feb 05 11:30:15 PST 2019","Tue Feb 05 11:34:46 PST 2019","Fri Feb 08 11:34:46 PST 2019","Tue Feb 05 12:34:48 PST 2019","","","271","100% (1/1)","100% (1/1)","100% (1/1)","956956"
"3V7ICJJAZBQIB3QH93LS74LV6SF4BS","3WZIO7X3RNSNGMIIHSSITKQFHPZAXQ","Estimating game","Guess the number of dots and other estimation tasks","survey","$0.50","Tue Feb 05 11:29:57 PST 2019","150","BatchId:3522925;OriginalHitTemplateId:920937340;","1800","259200","Tue Feb 12 11:29:57 PST 2019","","","3YZ8UPK3VVW2PQAVSBD7JCKUDA9CU7","A3VZ5K4RRT6NN8","Approved","Tue Feb 05 11:30:08 PST 2019","Tue Feb 05 11:48:49 PST 2019","Fri Feb 08 11:48:49 PST 2019","Tue Feb 05 12:34:48 PST 2019","","","1121","100% (1/1)","100% (1/1)","100% (1/1)","3633650"
"3V7ICJJAZBQIB3QH93LS74LV6SF4BS","3WZIO7X3RNSNGMIIHSSITKQFHPZAXQ","Estimating game","Guess the number of dots and other estimation tasks","survey","$0.50","Tue Feb 05 11:29:57 PST 2019","150","BatchId:3522925;OriginalHitTemplateId:920937340;","1800","259200","Tue Feb 12 11:29:57 PST 2019","","","3Z7EFSHGNBOU6U4QXGOU3JJY7SQCXZ","AR1IWBDA7MC86","Approved","Tue Feb 05 11:30:13 PST 2019","Tue Feb 05 11:33:19 PST 2019","Fri Feb 08 11:33:19 PST 2019","Tue Feb 05 12:34:48 PST 2019","","","186","100% (1/1)","100% (1/1)","100% (1/1)","1600201"
"3V7ICJJAZBQIB3QH93LS74LV6SF4BS","3WZIO7X3RNSNGMIIHSSITKQFHPZAXQ","Estimating game","Guess the number of dots and other estimation tasks","survey","$0.50","Tue Feb 05 11:29:57 PST 2019","150","BatchId:3522925;OriginalHitTemplateId:920937340;","1800","259200","Tue Feb 12 11:29:57 PST 2019","","","3Z9WI9EOZ1YF32GZKPN6OG8COBGHKO","A273EH17NSJRH0","Approved","Tue Feb 05 11:30:10 PST 2019","Tue Feb 05 11:38:13 PST 2019","Fri Feb 08 11:38:13 PST 2019","Tue Feb 05 12:34:49 PST 2019","","","483","100% (1/1)","100% (1/1)","100% (1/1)","7046039"